"countrycode","year","timeperiod","logprivatecredit","inflation","logtrade","logschooling","growthingini","growthgdppercapita","loginitialgini","span","loginitialgdppercapita","growthlowestincomeshare","loginitiallowestincomeshare"
"ARG",1961,1,1.79769313486232e+308,18.7851600646973,2.47143793106079,1.6956160068512,-0.0121819004416466,0.0236553996801376,3.73766994476318,8,8.93410968780518,-0.0151701001450419,1.94590997695923
"ARG",1969,2,1.79769313486232e+308,34.3242111206055,2.5429060459137,1.8255170583725,-0.00748750008642674,0.0202437993139029,3.64021396636963,5,9.12335300445557,-0.00655800011008978,1.82455003261566
"ARG",1974,3,1.79769313486232e+308,175.095397949219,2.61576390266418,1.84070801734924,0.0244545992463827,0.00776159996166825,3.60277700424194,6,9.22457218170166,-0.0303869005292654,1.79175996780396
"ARG",1980,4,-2.08137202262878,566.73779296875,2.72201800346374,1.9508980512619,0.0125920996069908,-0.0360845997929573,3.74950408935547,9,9.27114200592041,-0.0220500994473696,1.60943996906281
"ARG",1989,5,-1.95877003669739,880.113220214844,2.78765892982483,2.09580707550049,-0.00683829979971051,0.0651032999157906,3.86283302307129,5,8.94638061523438,-0.00897900015115738,1.41098999977112
"ARG",1994,6,-1.52374696731567,0.23722979426384,3.06454300880432,2.13534903526306,0.0183364003896713,-0.00299450010061264,3.82864093780518,7,9.271897315979,-0.033527098596096,1.3660900592804
"AUS",1967,1,-1.47111201286316,9.07311058044434,3.32232689857483,2.31629109382629,0.00780929997563362,0.0229774992913008,3.465735912323,9,9.482102394104,-0.0135931996628642,1.88706994056702
"AUS",1976,2,-1.35902297496796,9.92808532714844,3.44973993301392,2.33097791671753,0.0303719006478786,0.0161767993122339,3.53602004051208,5,9.68889999389648,-0.0477349013090134,1.76472997665405
"AUS",1981,3,-1.23430299758911,7.88514995574951,3.48149609565735,2.33418107032776,0.00317779998295009,0.0115446001291275,3.68787908554077,5,9.76978397369385,0.00851189997047186,1.52605998516083
"AUS",1986,4,-0.660783529281616,4.62140083312988,3.54670405387878,2.33978509902954,-0.0403954014182091,0.0176467001438141,3.70376801490784,7,9.82750701904297,0.0748443976044655,1.56861996650696
"AUS",1993,5,-0.36483770608902,1.19745397567749,3.68300890922546,2.3670608997345,0.0228291004896164,0.0318472012877464,3.4210000038147,5,9.95103359222412,-0.151505097746849,2.09253001213074
"AUT",1987,1,-0.160579800605774,2.86083292961121,4.24976110458374,2.04911088943481,0.0111747998744249,0.0249007996171713,3.365394115448,7,9.76543617248535,0.0122820995748043,1.9796199798584
"AUT",1994,2,-0.0796685963869095,1.0873429775238,4.3301568031311,2.08604502677917,-0.044149998575449,0.0211100000888109,3.44361805915832,5,9.93974208831787,0.0473977997899056,2.06559991836548
"BEL",1979,1,-1.32461297512054,5.28373718261719,4.88524723052978,2.10948610305786,-0.0124151995405555,0.0138301998376846,3.34109401702881,6,9.6545524597168,0.0141498995944858,2.06685996055603
"BEL",1985,2,-1.07882797718048,3.14857888221741,4.90915584564209,2.14908409118652,0.00373649992980063,0.0259786006063223,3.26660299301147,7,9.73753261566162,-0.00802870001643896,2.15176010131836
"BEL",1992,3,-0.322773486375809,2.22394204139709,4.89789819717407,2.20827388763428,-0.00087119999807328,0.0144710997119546,3.29275798797607,5,9.91938304901123,0.0194418001919985,2.09556007385254
"BGD",1963,1,1.79769313486232e+308,11.59547996521,3.01366710662842,-0.187535107135773,-0.00357430009171367,-0.0241778995841742,3.61926198005676,10,7.01656293869018,0.00143890001345426,1.93151998519897
"BGD",1973,2,1.79769313486232e+308,31.8827590942383,2.87434506416321,0.247640997171402,-0.00466510001569986,0.023097800090909,3.58351898193359,5,6.77478408813476,0.0100299995392561,1.94590997695923
"BGD",1978,3,1.79769313486232e+308,14.0781898498535,3.06073594093323,0.640273690223694,0.00466510001569986,0.0284260995686054,3.56019306182861,5,6.89027309417725,-0.00439580017700791,1.99606001377106
"BGD",1983,4,1.79769313486232e+308,10.0322904586792,2.89966607093811,0.722220420837402,-0.0442817993462086,0.0125957001000643,3.58351898193359,5,7.03240299224854,0.0543867982923984,1.9740799665451
"BGD",1988,5,-1.88901698589325,5.42665386199951,3.05641603469849,0.788911819458008,0.0219011995941401,0.0279488991945982,3.36210989952087,7,7.09538221359253,-0.0116490004584193,2.24602007865906
"BGD",1995,6,-1.51034295558929,3.79749894142151,3.43957304954529,0.878381192684174,-0.011820400133729,0.0275665000081062,3.51541900634766,5,7.29102420806885,0.00655059982091188,2.16446995735168
"BOL",1968,1,-2.10660290718079,641.035095214844,3.91715288162231,1.53061103820801,-0.0105304997414351,-0.00125219998881221,3.97029209136963,22,7.82975101470947,0.0215258002281189,1.25276005268097
"BOL",1990,2,-1.07579505443573,12.1822099685669,3.87924194335938,1.61402702331543,0.0451987981796265,0.0133157996460795,3.73862099647522,5,7.80220317840576,-0.114562302827835,1.72633004188538
"BOL",1995,3,-0.608969807624817,7.22843885421753,3.88537502288818,1.66902697086334,0.000379100005375221,0.0082227997481823,3.96461606025696,5,7.86878204345703,0.00441059982404113,1.15351998806
"BRA",1960,1,1.79769313486232e+308,30.7854309082031,2.56379795074463,1.04837095737457,0.00834039971232414,0.0422952994704246,3.97029209136963,10,7.77125406265259,0,1.16314995288849
"BRA",1970,2,1.79769313486232e+308,27.9207000732422,2.84421396255493,1.09426999092102,0.00757839996367693,0.0717289969325066,4.0536961555481,6,8.19420719146728,-0.062448900192976,1.16314995288849
"BRA",1976,3,1.79769313486232e+308,64.3113098144531,2.83376502990723,1.13333594799042,-0.0168450996279716,0.0147861000150442,4.09916591644287,5,8.6245813369751,0.0685888975858688,0.78846001625061
"BRA",1981,4,1.79769313486232e+308,157.003799438477,2.92244911193848,1.24674499034882,-0.00327460002154112,0.0156145002692938,4.01494121551514,5,8.69851207733154,0,1.13139998912811
"BRA",1986,5,-1.34964799880981,1026.61999511719,2.79768991470337,1.39128196239471,0.0173259992152452,-0.00418400019407272,3.99856805801392,7,8.77658462524414,-0.0516134016215801,1.13139998912811
"BRA",1993,6,-1.10246205329895,723.971923828125,2.87823510169983,1.4929039478302,-0.00846240017563105,0.0134733002632856,4.11985015869141,5,8.74729633331299,0.0355361998081207,0.770110011100769
"BWA",1985,1,-2.31795597076416,12.8716497421265,4.65087795257568,1.28148901462555,-0.00063720002071932,0.0374205000698566,3.99286508560181,9,8.3226728439331,0.0440099984407425,1.28093004226685
"CAN",1965,1,-1.18617403507233,4.28629112243652,3.70657992362976,2.17645502090454,0.00328910001553595,0.0254951007664204,3.4534740447998,6,9.4290018081665,-0.0131262997165322,1.96431005001068
"CAN",1971,2,-0.774087309837341,8.77728080749512,3.8185830116272,2.27849698066711,-0.00140169996302575,0.0328666009008884,3.47320795059204,6,9.58197212219238,-0.00435579987242818,1.88555002212524
"CAN",1977,3,-0.309326201677322,8.93680953979492,3.93483209609985,2.33359909057617,-0.0167606994509697,0.00771709997206926,3.46479797363281,5,9.77917194366455,0.0286825001239777,1.85941994190216
"CAN",1982,4,-0.271032094955444,4.61779880523682,3.9536280632019,2.37602090835571,0.0186905991286039,0.0337557010352612,3.38099503517151,5,9.81775760650635,-0.0186576005071402,2.00283002853394
"CAN",1987,5,-0.13953959941864,2.97613191604614,4.01921796798706,2.39698600769043,-0.00331300008110702,0.00502699986100197,3.47444796562195,7,9.98653602600098,0.015298499725759,1.90954005718231
"CAN",1994,6,-0.0548580996692181,1.26253199577332,4.33308887481689,2.43291091918945,0.0258962009102106,0.0280344001948833,3.45125699043274,5,10.0217199325562,-0.0238965004682541,2.01662993431091
"CHE",1982,1,0.34584641456604,3.57395911216736,4.24495983123779,2.31688189506531,-0.000416900002164766,0.0130559001117945,3.58490705490112,10,9.99124908447266,-0.0170904006808996,1.99545001983643
"CHE",1992,2,0.478395789861679,0.925536394119263,4.23084688186646,2.3328230381012,-0.0196886006742716,0.00383189995773137,3.58073711395264,6,10.1218099594116,0.0428854003548622,1.82455003261566
"CHL",1968,1,-2.02337098121643,163.149200439453,3.62379097938538,1.72490704059601,0.0127884997054934,0.0129011003300548,3.82078504562378,12,8.44154644012451,-0.0314140990376472,1.50408005714416
"CHL",1980,2,-0.715968728065491,21.3747100830078,3.89979910850525,1.85941803455353,0.00839350000023842,-0.00216290005482733,3.97424602508545,7,8.596360206604,0.0167210008949041,1.12711000442505
"CHL",1987,3,-0.801836013793945,18.7766799926758,4.13442277908325,1.94089794158936,-0.0214150007814169,0.0589521005749702,4.03300094604492,5,8.58121967315674,0.0333665013313293,1.2441600561142
"CHL",1992,4,-0.557566702365875,9.02696800231934,4.03712797164917,1.98100101947784,0.0162730999290943,0.052395798265934,3.92592597007751,6,8.87598037719726,-0.07133399695158,1.41098999977112
"CIV",1985,1,-1.04914498329163,-0.541634917259216,4.13523721694946,1.79769313486232e+308,-0.0137748001143336,-0.0206530001014471,3.71868109703064,8,7.75067806243896,0.0267897006124258,1.73871004581451
"CIV",1993,2,-1.59060597419739,13.0006399154663,4.25295782089233,1.79769313486232e+308,0.0369514003396034,0.00239209993742406,3.60848307609558,5,7.58545398712158,-0.0496558994054794,1.95302999019623
"CMR",1983,1,-1.57963502407074,5.26487684249878,3.7874391078949,0.999528288841248,0.0150643000379205,-0.0243692994117737,3.89181995391846,13,7.86361122131348,-0.0387937016785145,1.33722996711731
"CMR",1996,2,-2.58450293540955,2.41475009918213,3.94461798667908,1.2641270160675,-0.0597860999405384,0.0212610997259617,4.08765602111816,5,7.5468111038208,0.177971497178078,0.832910001277924
"COL",1964,1,-1.6931289434433,10.2790603637695,3.26735210418701,1.09694397449493,-0.0292509999126196,0.0201607998460531,4.12713384628296,6,7.93716192245483,0.192431896924973,0.78846001625061
"COL",1970,2,-1.64942395687103,19.52467918396,3.40016794204712,1.11546897888184,0.00582160009071231,0.0327294990420342,3.95162796974182,8,8.05812740325928,-0.101455800235271,1.94305002689362
"COL",1978,3,-1.34441196918488,24.0042591094971,3.33682489395142,1.48319399356842,-0.00624610017985106,0.0140605997294188,3.9982008934021,10,8.3199634552002,0.0176931004971266,1.13139998912811
"COL",1988,4,-1.44939398765564,27.3897094726562,3.5288360118866,1.54777503013611,0.0163292996585369,0.0211811996996403,3.93573999404907,7,8.46056938171387,-0.0211874004453421,1.30833005905151
"COL",1995,5,-1.11556696891785,15.3449201583862,3.60230588912964,1.60221195220947,0,-0.00355029990896583,4.05004501342773,5,8.60883808135986,-0.0552507005631924,1.16001999378204
"CRI",1961,1,-1.36680805683136,1.83348000049591,4.06315612792969,1.42599594593048,0,0.023624999448657,3.91202306747436,8,8.10497570037842,-0.014975200407207,1.82455003261566
"CRI",1969,2,-1.37235605716705,12.9863395690918,4.20833492279053,1.37143397331238,0,0.0352141000330448,3.91202306747436,8,8.29397583007812,-0.0843911021947861,1.70474994182587
"CRI",1977,3,-1.43443202972412,29.6834697723389,4.28936910629272,1.64673399925232,-0.0348706990480423,-0.0313418991863728,3.91202306747436,5,8.57568836212158,0.124437101185322,1.02962005138397
"CRI",1982,4,-1.76033997535706,26.5780296325684,4.26151895523071,1.68361699581146,0.0132131995633245,0.0110512999817729,3.73766994476318,7,8.41897869110107,-0.0379301011562347,1.65181005001068
"CRI",1989,5,-2.09701204299927,22.8040294647217,4.33534479141235,1.71451795101166,0.00309800007380545,0.00722330017015338,3.83016204833984,7,8.496337890625,0.0014214999973774,1.38628995418549
"DNK",1963,1,-1.29203200340271,8.79758834838867,4.04961919784546,2.17133688926697,-0.0136101003736258,0.0295333005487919,3.61091804504394,13,9.40222454071045,0.025772500783205,1.60943996906281
"DNK",1976,2,-1.39340198040009,9.44371604919434,4.13264894485474,2.19522309303284,-6.44999963697046e-05,-0.000261700013652444,3.43398690223694,5,9.78615856170654,-0.00937210023403168,1.94447994232178
"DNK",1981,3,-1.36106598377228,7.69624090194702,4.24936819076538,2.21068906784058,0.0510430000722408,0.0343726985156536,3.43366503715515,5,9.78485012054443,-0.0325429998338222,1.89761996269226
"DNK",1986,4,-0.785848379135132,3.88210511207581,4.17656898498535,2.25988602638245,-0.00506359990686178,0.00800289958715439,3.68887901306152,5,9.95671367645264,0.0081088999286294,1.7349100112915
"DNK",1991,5,-1.03066098690033,2.17262697219849,4.20028018951416,2.23996496200562,-0.00345430010929704,0.0201526992022991,3.66356205940247,6,9.99672794342041,0.0134747000411153,1.7754499912262
"DNK",1997,6,-0.250979900360107,1.95416903495789,4.33590888977051,2.26809692382812,0.00414519989863038,0.0165830999612808,3.64283609390259,5,10.117639541626,-0.00634970003738999,1.85629999637604
"DOM",1976,1,-1.28049099445343,8.38211059570312,3.80346298217773,1.32228899002075,-0.00484259985387325,0.0198347996920347,3.80666303634644,8,7.88333892822266,0.0205780994147062,1.52177000045776
"DOM",1984,2,-1.34671401977539,26.7420692443848,4.1994137763977,1.39945697784424,0.0306519009172916,0.0130725996568799,3.76792192459106,5,8.04201698303223,-0.0502628982067108,1.68640005588532
"DOM",1989,3,-1.4835000038147,21.4918308258057,4.23216390609741,1.48997795581818,-0.00504240021109581,0.0240543000400066,3.92118096351624,7,8.10737991333008,0.00269549991935492,1.43508005142212
"DZA",1988,1,-1.3308869600296,25.2907199859619,3.87185311317444,1.447625041008,-0.0132473995909095,-0.0167047008872032,3.6566150188446,7,8.55447292327881,0.00414110021665692,1.91691994667053
"ECU",1968,1,-1.64975595474243,4.93705701828003,3.91290593147278,1.26214694976807,0.00722779985517263,0.0280703008174896,3.63758611679077,20,7.70118093490601,-0.0174947995692492,1.8405499458313
"ECU",1988,2,-1.83929300308228,7.59256219863892,4.1102819442749,1.77512204647064,-0.00349029991775751,0.000112499998067506,3.78214192390442,6,8.26258659362793,0.0313849002122879,1.49065005779266
"ECU",1994,3,-1.25590598583221,1.20024704933166,3.95485711097717,1.81563901901245,0.0625884011387825,-0.0226776003837585,3.76119995117188,5,8.26326179504394,-0.183631598949432,1.67895996570587
"EGY",1959,1,-1.53491997718811,3.05226492881775,3.66055607795715,1.79769313486232e+308,-0.00813169963657856,0.0353945009410381,3.73766994476318,6,7.25913381576538,0.013849999755621,1.65181005001068
"EGY",1965,2,-1.76127696037292,4.69566297531128,3.64356994628906,0.437609612941742,-0.00512930005788803,-0.00385210011154413,3.68887901306152,10,7.47150087356567,0.00804479978978634,1.7349100112915
"EGY",1975,3,-1.38392603397369,13.6464004516602,4.07707691192627,0.437609612941742,-0.0107405995950103,0.0431497991085052,3.63758611679077,16,7.43298006057739,0.021748099476099,1.81535005569458
"EGY",1991,4,-1.23066198825836,11.6082601547241,4.00742387771606,1.60643303394318,0.0150447003543377,0.0185174997895956,3.465735912323,5,8.12337589263916,-0.0426155999302864,2.16332006454468
"ESP",1965,1,-0.367255002260208,7.89772891998291,3.18635392189026,1.32441902160645,0.0185579005628824,0.0547857992351055,3.46542310714722,8,8.85059833526611,-0.0184266995638609,1.96711003780365
"ESP",1973,2,-0.311842113733292,16.9208602905273,3.37451505661011,1.5556149482727,-0.0465511009097099,0.00876030046492815,3.6138870716095,7,9.28888511657715,0.0411553010344505,1.81970000267029
"ESP",1980,3,-0.340798497200012,11.7721395492554,3.62082099914551,1.76095700263977,-0.0123162996023893,0.00465509993955493,3.2880289554596,5,9.35020732879639,0.0320415012538433,2.10778999328613
"ESP",1985,4,-0.367905408143997,7.59618186950684,3.60558700561523,1.76095700263977,0.0508355014026165,0.0413694009184837,3.22644710540772,5,9.3734827041626,-0.0494592003524303,2.26799011230469
"ESP",1990,5,-0.27934530377388,5.40631818771362,3.67175698280334,1.86283898353577,-0.0573767982423306,0.0117571000009775,3.480623960495,6,9.58032989501953,0.0499545000493526,2.02069997787476
"ESP",1996,6,-0.180226907134056,3.0983419418335,3.9980161190033,1.98513102531433,0.0832246989011764,0.0357839986681938,3.1363639831543,5,9.65087223052978,-0.0481966994702816,2.3204300403595
"ETH",1981,1,-1.87746095657349,7.1728458404541,3.23729205131531,1.79769313486232e+308,0.0150073999539018,-0.013086499646306,3.47877597808838,14,6.45260620117188,-0.0133574996143579,2.14709997177124
"ETH",1995,2,-1.53018295764923,5.62275218963623,3.69726800918579,1.79769313486232e+308,-0.0595465004444122,0.0367166996002197,3.68887901306152,5,6.26939487457275,0.049635898321867,1.96010005474091
"FIN",1962,1,-0.960754871368408,6.36313104629517,3.78023791313171,1.74536597728729,-0.0592004992067814,0.0398885011672974,3.82864093780518,9,9.0045747756958,0.149071902036667,0.875469982624054
"FIN",1971,2,-0.900392889976502,12.5944900512695,3.93918204307556,1.89566898345947,0.02004149928689,0.0251083001494408,3.29583692550659,6,9.36357116699219,-0.0500321984291077,2.21711993217468
"FIN",1977,3,-0.829227328300476,9.12160873413086,4.07641315460205,1.96892905235291,0.00652620010077953,0.0346390008926392,3.41608595848084,5,9.51422119140625,-0.00902410037815571,1.91691994667053
"FIN",1982,4,-0.603334426879883,6.5771632194519,4.02313184738159,2.05399608612061,-0.0366815999150276,0.0271288007497787,3.44871711730957,5,9.68741607666016,0.0385050997138023,1.8717999458313
"FIN",1987,5,-0.250230193138123,4.1847071647644,3.97993493080139,2.23857998847961,-0.0162268001586199,0.00224629999138415,3.26530909538269,8,9.82306003570557,0.0364747010171413,2.06433010101318
"FIN",1995,6,-0.59311181306839,2.1732439994812,4.23488616943359,2.26737189292908,0.00599619979038835,0.04721549898386,3.13549399375916,5,9.84103012084961,-0.0569947995245457,2.35612988471985
"FJI",1968,1,-1.8930629491806,11.2542495727539,4.58085012435913,1.70238196849823,-0.00879300013184547,0.0380508005619049,3.82864093780518,9,8.03371238708496,0.0271444004029036,1.38628995418549
"FRA",1962,1,-1.31665003299713,4.21041917800903,3.30714797973633,1.72097897529602,-0.0285195000469685,0.0449809990823269,3.91202306747436,8,9.06043815612793,0.0798849985003471,0.641849994659424
"FRA",1970,2,-1.00479602813721,8.70730209350586,3.54379892349243,1.73659896850586,0.0154665997251868,0.025127999484539,3.68386697769165,5,9.42028617858887,0.135832205414772,1.28093004226685
"FRA",1975,3,-0.593648612499237,10.7392997741699,3.71673607826233,1.79857003688812,-0.0722097009420395,0.0254132002592087,3.76119995117188,6,9.54592609405518,0.0376593992114067,1.96010005474091
"FRA",1981,4,-0.303874313831329,6.56921577453613,3.79972290992737,1.9370139837265,0.0199290998280048,0.0225914008915424,3.32794189453125,8,9.6984052658081,-0.0264963004738092,2.1860499382019
"FRA",1989,5,-0.100318096578121,2.16357707977295,3.76993203163147,1.93888604640961,-0.00246159988455474,0.0030749998986721,3.48737502098084,5,9.87913608551025,0.0195663999766111,1.9740799665451
"FRA",1994,6,-0.169509500265121,0.948471307754517,3.84541988372803,2.00471806526184,-0.0194959007203579,0.0187427997589111,3.4750669002533,5,9.89451122283936,0.0250623002648354,2.07190990447998
"GAB",1960,1,-1.85899198055267,11.0970401763916,4.63099384307861,1.79769313486232e+308,-0.00511870021000504,0.0627100020647049,4.1588830947876,15,8.01526641845703,0.0427903011441231,0.693149983882904
"GBR",1961,1,-1.67208397388458,4.55720806121826,3.63251495361328,1.99538004398346,0,0.023412499576807,3.23080396652222,5,9.18866729736328,-0.000642700004391372,2.23537993431091
"GBR",1966,2,-1.62240505218506,5.57175588607788,3.72071409225464,2.0360119342804,0.00313730002380908,0.0212015006691217,3.23080396652222,5,9.30572986602783,0.0112647004425526,2.23216009140015
"GBR",1971,3,-1.2732789516449,13.606240272522,3.92414999008179,2.08380699157715,-0.0204677004367113,0.0207519996911287,3.24649095535278,5,9.4117374420166,0.012958399951458,2.28849005699158
"GBR",1976,4,-1.33326900005341,14.2505598068237,4.00437688827515,2.11299705505371,0.0181192997843027,0.0069404998794198,3.14415192604065,5,9.5154972076416,-0.0309886001050472,2.35328006744385
"GBR",1981,5,-0.883147776126862,6.2875189781189,3.97188305854797,2.14194703102112,0.0180574003607035,0.0305479001253843,3.23474907875061,5,9.55020046234131,-0.0137826995924115,2.19833993911743
"GBR",1986,6,-0.0632003024220467,6.09323883056641,3.92222499847412,2.17122292518616,0.0306244995445013,0.0183990001678467,3.32503604888916,5,9.7029390335083,-0.0192047990858555,2.12942004203796
"GBR",1991,7,0.0994191989302635,3.45617699623108,3.97025108337402,2.20706510543823,-0.00563419982790947,0.0223721005022526,3.47815799713135,5,9.79493427276611,0.00440140021964908,2.03340005874634
"GBR",1996,8,0.179818600416183,2.46077704429626,4.04202508926392,2.24283504486084,0.0176138002425432,0.025483500212431,3.44998788833618,5,9.90679454803467,-0.00703650014474988,2.05540990829468
"GHA",1987,1,-3.28126096725464,27.2094497680664,3.77041888237,1.286749958992,-0.00837660022079945,0.0141033995896578,3.56529808044434,5,7.03104019165039,0.0250495001673698,1.94161999225616
"GHA",1992,2,-3.02990889549255,29.2295703887939,4.14765787124634,1.32282197475433,-0.00720799993723631,-2.37000003835419e-05,3.52341508865356,5,7.1015567779541,0.0122737996280193,2.06685996055603
"GMB",1992,1,-2.26824998855591,4.1825590133667,4.75145483016968,0.666803181171417,0.00816490035504103,-0.020550299435854,3.86702609062195,6,7.07491779327393,-0.0158849991858006,1.48160994052887
"GRC",1974,1,-1.24037504196167,17.6100997924805,3.76714301109314,1.77681505680084,-0.00760409981012344,0.0214175991714001,3.55848598480225,7,9.20191860198975,0.00823989976197481,1.85629999637604
"GRC",1981,2,-0.947306513786316,20.1496200561523,3.87799692153931,1.98320603370666,0.00792929995805025,0.00188989995513111,3.50525689125061,7,9.35184192657471,-0.0130059998482466,1.91398000717163
"GRC",1988,3,-1.11722695827484,16.8141002655029,3.80435395240784,2.07906699180603,-0.015289899893105,0.00501899980008602,3.56076192855835,5,9.3650712966919,0.0383936017751694,1.82293999195099
"GRC",1993,4,-1.14125502109528,9.13695240020752,3.78532910346985,2.11890196800232,0.0181677006185055,0.0257245991379023,3.48431205749512,5,9.39016628265381,-0.0446286983788013,2.01489996910095
"GTM",1979,1,-1.81186497211456,12.3381900787354,3.56448197364807,1.00210094451904,0.0198135003447533,-0.0148267997428775,3.90640711784363,8,8.27198696136475,-0.0934017971158028,1.74047005176544
"GTM",1987,2,-1.90814602375031,14.5403900146484,3.73751902580261,1.11185801029205,-0.0166682992130518,0.00836419966071844,4.06491613388062,11,8.1533727645874,0.0401666015386581,0.993250012397766
"GUY",1993,1,-0.878762722015381,9.21912288665772,5.38129806518555,1.79225897789001,0.0157267991453409,0.0786058977246284,3.69436407089233,6,7.72069787979126,-0.0552831999957562,1.8357800245285
"HKG",1971,1,1.79769313486232e+308,9.17355632781982,5.11948108673096,1.9108749628067,0,0.0572512000799179,3.71112990379334,5,8.85072040557861,-0.0145519003272057,1.74047005176544
"HKG",1976,2,1.79769313486232e+308,10.4302101135254,5.15940713882446,2.07266902923584,0.019904900342226,0.0743974968791008,3.71112990379334,5,9.13697624206543,-0.027462400496006,1.66770994663239
"HKG",1981,3,1.79769313486232e+308,7.19324111938476,5.27786922454834,2.12716007232666,-0.0145968999713659,0.0411598011851311,3.81065392494202,5,9.5089635848999,0.062348198145628,1.5304000377655
"HKG",1986,4,0.357791513204575,8.84937000274658,5.50171613693237,2.21408200263977,0.0137986000627279,0.055714800953865,3.73766994476318,5,9.7147626876831,-0.0509887002408504,1.84213995933533
"HKG",1991,5,0.320023000240326,7.09416580200195,5.61626195907593,2.22839999198914,0.0265951007604599,0.0344555005431175,3.80666303634644,5,9.99333667755127,-0.0557718984782696,1.58719003200531
"HND",1968,1,-1.3089120388031,6.19296407699585,4.17401123046875,0.79840761423111,-0.00660859979689121,0.00939670018851757,4.12519693374634,18,7.54749011993408,0.0385081991553307,0.469999998807907
"HND",1986,2,-1.15945100784302,11.254469871521,4.11124420166016,1.43627405166626,-0.018843699246645,-0.00837299972772598,4.00624179840088,5,7.71663093566894,0.0251477006822824,1.16314995288849
"HND",1991,3,-1.40780198574066,20.9053401947022,4.39203977584839,1.50429999828339,0.0143525004386902,-0.00341899995692074,3.91202306747436,5,7.67476606369018,-0.0124353999271989,1.28889000415802
"HUN",1972,1,1.79769313486232e+308,2.00852489471436,4.38974285125732,2.07969093322754,-0.0113698001950979,0.0469476990401745,3.12676000595093,5,8.71391677856445,0.0175873003900051,2.29254007339478
"HUN",1977,2,1.79769313486232e+308,4.80434894561768,4.41026020050049,2.204421043396,-0.0053638000972569,0.0254718996584415,3.06991195678711,5,8.948655128479,0.00851199962198734,2.38047003746033
"HUN",1982,3,-1.5218859910965,5.81741285324097,4.3650541305542,2.18941593170166,0.0282383002340794,0.0215987991541624,3.04309296607971,5,9.07601547241211,-0.0143312001600862,2.42302989959717
"HUN",1987,4,-0.922952115535736,21.2401905059814,4.19884395599365,2.18952798843384,-0.0103933000937104,-0.0244009997695684,3.1842839717865,6,9.18400859832764,0.00120950001291931,2.35138010978699
"HUN",1993,5,-1.44663798809052,19.9689998626709,4.51026821136475,2.17770195007324,0.0217760000377893,0.0238012000918388,3.12192392349243,5,9.03760242462158,-0.0169498007744551,2.35862994194031
"IDN",1964,1,1.79769313486232e+308,290.838287353516,3.20765900611877,0.604315996170044,-0.013549099676311,0.0268881004303694,3.5055570602417,6,6.83021306991577,0.0156821999698877,1.99487996101379
"IDN",1970,2,1.79769313486232e+308,19.9211597442627,3.66773295402527,1.0532660484314,0.0199318006634712,0.0502829998731613,3.42426300048828,6,6.99154090881348,-0.00158919999375939,2.08897995948792
"IDN",1976,3,-2.42818999290466,18.8621292114258,3.88936805725098,1.29937398433685,-0.00509320013225079,0.0635965019464493,3.5438539981842,5,7.2932391166687,-0.00712540000677109,2.07944011688232
"IDN",1981,4,-1.95494294166565,8.34666347503662,3.86297607421875,1.38654398918152,-0.00872320029884577,0.0295378994196653,3.51838803291321,6,7.61122179031372,0.00572940008714795,2.04380989074707
"IDN",1987,5,-1.08823502063751,9.85319995880127,3.88075590133667,1.38804304599762,-0.00167449994478375,0.0541642010211945,3.46604800224304,6,7.78844881057739,0.0138050997629762,2.07819008827209
"IDN",1993,6,-0.745291590690613,19.6024494171143,4.1032280921936,1.51468801498413,-0.000949400011450052,0.00924030039459467,3.4560010433197,6,8.11343479156494,0.00529150012880564,2.16102004051208
"IND",1959,1,-2.41127300262451,1.79769313486232e+308,1.79769313486232e+308,0.521171927452087,-0.033108301460743,0.0351222008466721,3.60114002227783,5,6.69364595413208,0.026706300675869,2.04121994972229
"IND",1964,2,-2.33729600906372,7.11552286148071,2.27806997299194,0.659590423107147,0.00268719997256994,0.0224916990846396,3.43559908866882,5,6.8692569732666,-0.0045978999696672,2.17475008964539
"IND",1969,3,-1.98262000083923,7.30491495132446,2.32381892204285,0.817574799060822,0.00263329991139472,0.00731649994850159,3.44903492927551,8,6.98171615600586,-0.00146199995651841,2.15176010131836
"IND",1977,4,-1.56838703155518,8.89603614807129,2.67441010475159,1.18601298332214,-0.00340520008467138,0.0210234001278877,3.47010111808777,6,7.04024696350098,0.00194939994253218,2.14006996154785
"IND",1983,5,-1.3983119726181,7.96301317214966,2.59929800033569,1.29088401794434,-0.00217120000161231,0.0372803993523121,3.44967007637024,5,7.16638803482056,0.00909250043332577,2.15176010131836
"IND",1988,6,-1.4429190158844,9.88849639892578,2.82185792922974,1.4117180109024,0.00236160005442798,0.0258039999753237,3.43881392478943,5,7.35278987884522,-0.0022346000187099,2.19723010063171
"IND",1993,7,-1.48970699310303,7.65982723236084,3.12000799179077,1.50917494297028,0.0221494007855654,0.0511979013681412,3.45062208175659,6,7.48181009292602,-0.0250065997242928,2.1860499382019
"IRL",1973,1,-0.76092118024826,14.336480140686,4.57467794418335,1.95939004421234,-0.0116902999579906,0.0305349994450808,3.65558099746704,7,8.99283218383789,0.00294560007750988,1.56861996650696
"IRL",1980,2,-0.518216192722321,9.79387283325195,4.65635299682617,2.00928711891174,-0.00427079992368817,0.0185321997851133,3.57374906539917,7,9.20657730102539,0.000872000004164874,1.58923995494843
"IRL",1987,3,-0.46303328871727,2.715008020401,4.74350690841675,2.17236304283142,0.00841759983450174,0.0469481982290745,3.5438539981842,7,9.33630275726318,0.0506924986839294,1.59534001350403
"IRL",1994,4,-0.287445813417435,3.51041388511658,4.99805498123169,2.20618391036987,-0.0305578000843525,0.0836675986647606,3.60277700424194,5,9.66493988037109,0.0258510001003742,1.95018994808197
"IRN",1969,1,-1.20649898052216,16.2625999450684,3.81117510795593,0.47436910867691,0.00160419999156147,-0.00398240005597472,3.73480796813965,15,8.40408611297607,-0.00289150001481175,1.65687000751495
"IRN",1984,2,-1.3131320476532,21.4865303039551,3.42613291740418,1.21580302715302,0.00180840003304183,0.0196518003940582,3.75887203216553,14,8.34435081481934,0.00112459994852543,1.61349999904633
"ISR",1992,1,-0.504723072052002,11.4027004241943,4.33301019668579,2.24654388427734,0.0134418001398444,0.0272860992699862,3.57037711143494,5,9.57589054107666,-0.0241103004664183,1.93537998199463
"ITA",1974,1,-0.433616787195206,17.1053504943848,3.79531288146973,1.73200905323029,-0.019506499171257,0.0246334001421928,3.71357202529907,5,9.47348690032959,0.0647573992609978,1.62924003601074
"ITA",1979,2,-0.676369786262512,16.678840637207,3.82817196846008,1.77410399913788,-0.0229994002729654,0.0156587995588779,3.61603999137878,5,9.59665393829346,0.0302213001996279,1.95302999019623
"ITA",1984,3,-0.711921393871307,7.95433187484741,3.70426988601685,1.81807696819305,-0.00248900009319186,0.034613598138094,3.50104308128357,5,9.67494773864746,0.00362550001591444,2.10413002967834
"ITA",1989,4,-0.568166375160217,5.60571193695068,3.7231810092926,1.86964595317841,0.0167436003684998,0.0116662997752428,3.48859810829163,6,9.84801578521728,-0.049618698656559,2.12226009368896
"ITA",1995,5,-0.511362791061401,3.19492506980896,3.90978002548218,1.9238109588623,0,0.0141487000510097,3.58905911445618,5,9.91801357269287,-0.00325209996663034,1.82455003261566
"JAM",1958,1,-1.72368800640106,4.64612197875977,4.30955410003662,0.932164072990418,-0.0211171992123127,0.0357556007802486,3.99470806121826,13,7.82405805587768,0.0103698996827006,1.54755997657776
"JAM",1971,2,-1.32643496990204,17.3499298095703,4.47190380096436,1.32255601882935,0.0026312000118196,-0.0041108001023531,3.7201840877533,17,8.28888034820557,0.000345700012985617,1.68236994743347
"JAM",1988,3,-1.28146803379059,33.6192398071289,4.63389301300049,1.55688095092773,-0.0258871000260115,0.00243299989961088,3.76491403579712,5,8.21899700164795,0.0463220998644829,1.68824994564056
"JAM",1993,4,-1.45181596279144,23.4321994781494,4.60974407196045,1.61323094367981,0.0769001990556717,0.000243200003751554,3.63547897338867,5,8.23116207122803,-0.0306835994124413,1.91986000537872
"JOR",1980,1,-0.601170718669891,4.50926685333252,4.76543807983398,1.45395302772522,-0.0205830000340939,0.0208854991942644,3.7086820602417,6,8.30685710906982,0.0376496985554695,1.75785994529724
"JOR",1986,2,-0.401677995920181,6.87861013412476,4.78910398483276,1.78271901607513,0.0240120999515057,-0.0665533021092415,3.58518409729004,5,8.4321699142456,-0.0233159996569157,1.98375999927521
"JOR",1991,3,-0.402027487754822,3.78852605819702,4.85552406311035,1.86733102798462,-0.0183544997125864,0.0268048997968435,3.70524501800537,6,8.09940338134766,0.0259492006152868,1.86717998981476
"JPN",1962,1,-0.301316887140274,5.20123910903931,2.96103405952454,2.02643609046936,-0.0116215003654361,0.0831163004040718,3.61630892753601,5,8.61128425598144,0.0166762992739677,1.74919998645782
"JPN",1967,2,-0.0926650017499924,5.33456897735596,2.97026300430298,2.00875091552734,-0.00992900040000677,0.0843522995710373,3.55820107460022,5,9.02686595916748,0.00845860037952662,1.8325799703598
"JPN",1972,3,0.214944407343864,10.1757202148438,3.16856908798218,2.05117106437683,0.00178839999716729,0.019598800688982,3.50855588912964,5,9.44862747192383,-0.00559910014271736,1.8748699426651
"JPN",1977,4,0.243249699473381,4.35240793228149,3.242427110672,2.14077210426331,0.00642389990389347,0.0306030008941889,3.51749801635742,5,9.54662132263184,-0.014385299757123,1.84687995910645
"JPN",1982,5,0.424165487289429,1.87935698032379,3.1091639995575,2.16802501678467,0.0110552003607154,0.0369555987417698,3.54961705207825,7,9.69963645935059,0.00802669953554869,1.77495002746582
"JPN",1989,6,0.657064974308014,1.65069198608398,2.88059210777283,2.19321703910828,-0.0699717998504639,0.0172710008919239,3.62700390815735,5,9.95832538604736,0.0805611982941628,1.83114004135132
"KEN",1992,1,-1.13485705852509,21.0427303314209,4.13273191452026,1.3882919549942,-0.0401381999254227,0.00304149999283254,3.99618005752564,5,7.14873886108398,0.100387297570705,1.22082996368408
"KOR",1961,1,1.79769313486232e+308,10.2049503326416,3.30253410339356,1.68398904800415,-0.0415279008448124,0.0529147982597351,3.465735912323,5,7.34097194671631,0.0309714004397392,2.04237008094788
"KOR",1966,2,-0.893558502197266,15.5574598312378,3.58681392669678,1.5908670425415,0.0651400983333588,0.0729833990335464,3.25809597969055,5,7.60554599761963,-0.0446286983788013,2.19723010063171
"KOR",1971,3,-0.913659512996674,21.9047908782959,4.01819181442261,1.88722097873688,0.0164650995284319,0.0658231005072594,3.58379697799683,5,7.97046279907226,-0.0467230007052422,1.9740799665451
"KOR",1976,4,-0.795331418514252,19.0857906341553,4.183913230896,2.06787490844727,-0.0151620004326105,0.0463850982487202,3.66612195968628,6,8.29957866668701,0.0332855992019176,1.74047005176544
"KOR",1982,5,-0.39012810587883,6.0595178604126,4.20210123062134,2.16079092025757,-0.00990580022335052,0.0824808031320572,3.57515096664429,6,8.57788944244385,0.00999139994382858,1.94017994403839
"KOR",1988,6,-0.113607600331306,8.0830717086792,4.05045509338379,2.29696893692017,-0.0125751001760364,0.0592099986970425,3.51571607589722,5,9.07277393341064,0.00188560003880411,2.00012993812561
"KOR",1993,7,0.135240092873573,6.18820381164551,4.12033414840698,2.35716795921326,0.0326935984194279,0.0274899005889893,3.45284104347229,5,9.36882400512695,-0.0890230014920235,2.00956010818481
"LKA",1963,1,-2.34188508987427,3.28110694885254,4.17362213134766,1.40315103530884,-0.0314603000879288,0.0205739997327328,3.85014700889587,7,7.20678186416626,0.0626595988869667,1.49290001392364
"LKA",1970,2,-2.02081704139709,10.9078397750854,4.0982871055603,1.54671096801758,0.0158705990761518,0.0141695002093911,3.6299250125885,9,7.35080003738403,-0.0206451006233692,1.93151998519897
"LKA",1979,3,-1.71263003349304,15.1646299362183,4.29429817199707,1.72133696079254,-0.0487406998872757,0.0409107990562916,3.77276110649109,6,7.47832584381104,0.0615557990968227,1.74572002887726
"LKA",1985,4,-1.66433501243591,9.22596263885498,4.14934682846069,1.77070605754852,-0.0151583002880216,0.0212523993104696,3.48031711578369,5,7.72379112243652,0.0146492002531886,2.11505007743835
"LKA",1990,5,-2.05733609199524,11.5082397460938,4.30306386947632,1.80434703826904,0.0264736004173756,0.0395920984447002,3.4045250415802,5,7.83005285263062,-0.021271500736475,2.18829989433289
"LKA",1995,6,-1.34024798870087,8.28395843505859,4.39558982849121,1.86407995223999,0.114796102046967,0.0147233996540308,3.53689289093018,5,8.02801322937012,0.0263631008565426,2.0819399356842
"LSO",1986,1,-1.89731299877167,13.5936098098755,4.94307088851929,1.36736595630646,0.00481420010328293,-0.00354010006412864,4.02570915222168,7,7.22386503219604,-0.0135660003870726,1.05430996417999
"LSO",1993,2,-1.72186195850372,9.371506690979,4.91319513320923,1.40118300914764,0.00582269998267293,0.0219390001147985,4.05940818786621,6,7.19908380508423,-0.0355680994689465,0.959349989891052
"LUX",1985,1,0.0180204007774591,2.02925896644592,5.33849000930786,1.79769313486232e+308,-0.00134289998095483,0.0573852993547916,3.30055499076843,6,9.90517425537109,0.014155300334096,2.16904997825623
"LUX",1991,2,0.0627494007349014,3.23266506195068,5.31459522247314,1.79769313486232e+308,0.00936479959636927,0.0435459017753601,3.29249811172485,5,10.2494897842407,-0.0113522000610828,2.25398993492126
"LUX",1996,3,0.0146335996687412,2.60830807685852,5.52364301681519,1.79769313486232e+308,-0.0116822002455592,0.047292098402977,3.33932209014893,5,10.4672203063965,0.0210721008479595,2.19723010063171
"MAR",1984,1,-1.64493298530579,6.55791521072388,4.00747013092041,1.79769313486232e+308,4.26000005973037e-05,0.0248294994235039,3.66842198371887,6,8.02585983276367,-0.000253500009421259,1.8840399980545
"MDG",1960,1,-1.72520804405212,7.51337099075317,3.63648390769958,1.79769313486232e+308,-0.00616700015962124,-0.00657679978758097,3.97029209136963,20,7.12251901626587,0.0120214996859431,1.36098003387451
"MDG",1980,2,-1.77704095840454,16.6821594238281,3.61214208602905,1.79769313486232e+308,-0.00581309990957379,-0.0196468997746706,3.84695100784302,13,6.99098205566406,0.012695100158453,1.60141003131866
"MDG",1993,3,-2.23082590103149,20.3059997558594,3.92114090919495,1.79769313486232e+308,-0.00130959996022284,-0.00118030002340674,3.77138090133667,6,6.73557186126709,-0.0193102993071079,1.76644003391266
"MEX",1963,1,-1.34123694896698,2.81945896148682,2.80195188522339,1.0647109746933,0.00777480006217956,0.0439076982438564,4.01638317108154,5,8.35397911071777,-0.0502628982067108,1.28093004226685
"MEX",1968,2,-1.19605302810669,9.46237087249756,2.84220600128174,1.30399894714355,0.000494299980346113,0.0286726001650095,4.05525684356689,7,8.57351779937744,-0.0105868000537157,1.02962005138397
"MEX",1975,3,-1.73059594631195,37.0989418029785,3.12933707237244,1.36838495731354,-0.015017899684608,0.0187095999717712,4.05871677398682,9,8.77422618865967,0.0506084002554417,0.955510020256042
"MEX",1984,4,-2.26513409614563,78.0577087402344,3.47023701667786,1.64904296398163,0.0166826006025076,-0.0139950001612306,3.92355608940124,5,8.94261264801025,-0.049567200243473,1.41098999977112
"MEX",1989,5,-1.47453904151916,21.1656303405762,3.68311500549316,1.90493905544281,-0.00383300008252263,0.00095269997837022,4.00696897506714,6,8.87263774871826,0.0191668998450041,1.16314995288849
"MEX",1995,6,-1.49305999279022,21.4805297851562,4.12529993057251,1.94017899036407,-0.000858000013977289,0.0399727001786232,3.98397207260132,5,8.8783540725708,-0.0217541009187698,1.27814996242523
"MKD",1996,1,-1.56050503253937,3.79230999946594,4.53220701217651,1.79769313486232e+308,0.0134354000911117,0.0135866003111005,3.44137907028198,5,8.42753219604492,0.181200802326202,1.08519005775452
"MLI",1989,1,-2.1129310131073,6.36203384399414,3.95858502388,-0.406465590000153,0.0648773983120918,-0.0113896001130342,3.59758591651916,5,6.70462512969971,-0.0848260968923569,1.95018994808197
"MUS",1980,1,-1.51157200336456,8.82234573364258,4.62324619293213,1.65421998500824,-0.023752000182867,0.0399660989642143,3.82209801673889,6,8.65868282318115,-0.0301513001322746,1.95586001873016
"MUS",1986,2,-1.25087702274323,10.1506595611572,4.84519100189209,1.7175749540329,-0.0154163995757699,0.051901999861002,3.6795859336853,5,8.89847946166992,0.0254309996962547,1.77495002746582
"MYS",1970,1,-1.35167396068573,5.6741189956665,4.38299798965454,1.3599499464035,0.00971150025725365,0.0498384982347488,3.91202306747436,6,7.96676397323608,-0.0320620015263557,1.38628995418549
"MYS",1976,2,-0.771477103233337,6.4456090927124,4.61526298522949,1.62688505649567,-0.0123864002525806,0.0464189015328884,3.97029209136963,8,8.26579570770264,0.030145300552249,1.19392001628876
"MYS",1984,3,-0.170808300375938,1.50209999084473,4.7368369102478,1.70055794715881,0.00145300000440329,0.0162681993097067,3.8712010383606,5,8.63714694976807,0.0173228997737169,1.43508005142212
"MYS",1989,4,-0.131239593029022,3.68938708305359,5.07832813262939,1.79707896709442,0.000584999972488731,0.058857299387455,3.8784658908844,6,8.71848773956299,-0.00330769992433488,1.5217000246048
"NER",1960,1,-2.0197639465332,5.34332609176636,3.73313403129578,-1.32050704956055,0.00187289994210005,-0.0191306006163359,3.52636098861694,32,7.39286088943482,-0.00122560001909733,2.05412006378174
"NGA",1959,1,-2.41982293128967,12.4656896591187,3.52425408363342,1.79769313486232e+308,-0.0106346998363733,0.00618819985538721,3.93182611465454,26,6.77410984039307,-0.00580090004950762,1.94590997695923
"NGA",1985,2,-1.95138204097748,20.7657203674316,3.94905304908752,1.79769313486232e+308,0.0252232998609543,0.0058895000256598,3.65532302856445,6,6.93500185012817,-0.0681321024894714,1.79508996009827
"NGA",1991,3,-2.21188402175903,39.7757606506348,4.41001605987549,1.79769313486232e+308,0.0194163993000984,-0.0038801000919193,3.80666303634644,6,6.97033882141113,0.0143630001693964,1.38628995418549
"NIC",1993,1,-1.4772230386734,24.5526905059814,4.12119388580322,1.40805602073669,0.01967559941113,-0.0201283004134893,3.91800498962402,5,7.55261421203613,-0.0594133995473385,1.43508005142212
"NLD",1962,1,-0.689112484455109,7.14597320556641,4.47790384292603,1.71972596645355,-0.0295586995780468,0.0328064002096653,3.73766994476318,13,9.1748161315918,0.0570720992982388,1.38628995418549
"NLD",1975,2,-0.286093592643738,6.55724000930786,4.58742523193359,2.07881593704224,-0.0117071000859141,0.0127269001677632,3.35340690612793,6,9.60129928588867,0.0116838999092579,2.12823009490967
"NLD",1981,3,-0.0942464023828506,2.69996809959412,4.70990180969238,2.13853597640991,0.0214617997407913,0.0149010000750422,3.28316402435303,5,9.67766094207764,-0.0445731990039349,2.19833993911743
"NLD",1986,4,0.135571002960205,1.09324502944946,4.63841199874878,2.16882491111755,-0.00200049998238683,0.0282930005341768,3.39047288894653,5,9.75216579437256,-0.00821060035377741,1.97546994686127
"NLD",1991,5,0.32056000828743,2.09431195259094,4.65288686752319,2.21014094352722,0.00213530007749796,0.0157878994941711,3.38047099113464,5,9.89363098144531,-0.0285312999039888,1.93441998958588
"NLD",1996,6,0.274867385625839,2.6010000705719,4.77886390686035,2.23591089248657,-0.0281544998288155,0.0265615005046129,3.39114689826965,5,9.97257041931152,0.102165102958679,1.79175996780396
"NOR",1962,1,-0.406867295503616,3.90712904930115,4.2840747833252,1.81058096885681,-0.00804890040308237,0.0360274985432625,3.62487411499023,5,9.08572196960449,0.0232420992106199,1.59939002990723
"NOR",1967,2,-0.405706495046616,6.6023440361023,4.28992700576782,1.96864998340607,0.00652959989383817,0.0308682005852461,3.58463001251221,6,9.26585960388184,-0.0197055004537106,1.71560001373291
"NOR",1973,3,-0.18272989988327,7.88052701950073,4.3571400642395,2.02048707008362,-0.0308321993798018,0.0384794995188713,3.62380695343018,6,9.45106887817383,-0.0108014000579715,1.59737002849579
"NOR",1979,4,-0.265608012676239,9.01959228515625,4.35553979873657,2.09826302528381,-0.00375899998471141,0.0281978994607925,3.43881392478943,5,9.68194580078125,0.118180297315121,1.53255999088287
"NOR",1984,5,-0.100023597478867,4.48158597946167,4.2843132019043,2.21364498138428,0.0224997997283936,0.0178018994629383,3.42001891136169,5,9.82293510437012,-0.063033901154995,2.12346005439758
"NOR",1989,6,-0.046340998262167,2.26950788497925,4.26406383514404,2.44780993461609,-0.0483209006488323,0.0282250996679068,3.53251791000366,6,9.91194438934326,0.0790155977010727,1.80829000473022
"NOR",1995,7,-0.150963604450226,5.26056480407715,4.29042100906372,2.46001601219177,0.0135901002213359,0.024906700477004,3.24259209632874,5,10.0812997817993,-0.00370760005898774,2.28238010406494
"NPL",1977,1,-2.7073860168457,7.418212890625,3.3790340423584,-0.0943105965852737,-0.0810137987136841,0.0101145002990961,3.97029209136963,7,6.80658388137817,0.0976165980100632,1.52605998516083
"NPL",1984,2,-2.14900588989258,10.9665403366089,3.64450597763062,0.219135493040085,0.0231554005295038,0.0224989000707865,3.40319490432739,11,6.87738609313965,-0.0165945999324322,2.20936989784241
"NZL",1973,1,-1.299919962883,12.699239730835,3.97505211830139,2.42205500602722,0.0119487000629306,-0.0166421998292208,3.40286302566528,5,9.64254760742188,-0.00994930043816566,1.91691994667053
"NZL",1978,2,-1.16461503505707,13.2188901901245,4.07893896102905,2.4400839805603,0.0133383003994822,0.0172755997627974,3.46260595321655,5,9.55933666229248,-0.0111228004097939,1.86717998981476
"NZL",1983,3,-0.806368112564087,10.4323701858521,4.04061603546143,2.44234704971313,0.0117007000371814,0.0096957003697753,3.52929711341858,6,9.64571475982666,-0.00952639989554882,1.81156003475189
"NZL",1989,4,-0.164188101887703,2.30428504943848,4.04418516159058,2.42019009590149,0.0165547002106905,0.0102468999102712,3.5995020866394,6,9.70388889312744,-0.0059834998100996,1.75440001487732
"PAK",1964,1,-1.65554797649384,3.88350510597229,3.20196294784546,-0.010050299577415,-0.0382452011108398,0.0472944006323814,3.61091804504394,5,6.56934690475464,0.0686087980866432,1.8717999458313
"PAK",1969,2,-1.53782296180725,10.7715396881104,3.3411340713501,0.434376507997513,0.00559940002858639,0.0172959007322788,3.41969203948975,10,6.80581903457642,-0.00654119998216629,2.21484994888306
"PAK",1979,3,-1.53174304962158,7.7711329460144,3.53016400337219,0.724161207675934,0.000617699988652021,0.0494633987545967,3.47568607330322,6,6.97877788543701,-0.000778799992986023,2.1494300365448
"PAK",1985,4,-1.37119400501251,6.16662693023682,3.56406998634338,0.762673318386078,0.00481209997087717,0.0380446016788483,3.47939205169678,5,7.27555799484253,-0.011073799803853,2.14475989341736
"PAK",1990,5,-1.49592101573944,10.4863595962524,3.61818599700928,1.36507105827332,-0.0105058001354337,0.0184422004967928,3.50345301628113,6,7.46578216552734,0.0252196006476879,2.08939003944397
"PAN",1969,1,-0.799906611442566,6.12163209915161,1.79769313486232e+308,1.56465005874634,0.00157089997082949,0.0218876004219055,3.8712010383606,10,8.20101642608643,-0.0254234001040459,1.58923995494843
"PAN",1979,2,-0.785358726978302,5.71111917495728,4.98248481750488,1.86268401145935,0.0146799003705382,0.0068504000082612,3.88690996170044,10,8.41989231109619,-0.0641854032874107,1.33500003814697
"PAN",1989,3,-0.744569420814514,1.79208505153656,5.21155881881714,2.08914399147034,0.00176150002516806,0.0244123004376888,4.03371000289917,6,8.48839664459228,0.0232937000691891,0.693149983882904
"PAN",1995,4,-0.290474414825439,2.89233589172363,5.09287214279175,2.12298011779785,0.00254200003109872,0.0151270003989339,4.04427909851074,5,8.6348705291748,-0.00350890005938709,0.832910001277924
"PER",1961,1,1.79769313486232e+308,10.6708202362061,3.55269503593445,1.20776605606079,-0.0103540001437068,0.0343821011483669,4.11087417602539,10,8.12754726409912,-0.104982197284698,1.38628995418549
"PER",1971,2,1.79769313486232e+308,35.9019088745117,3.57620906829834,1.52735996246338,-0.0108800996094942,0.00791069958359003,4.00733280181885,10,8.47136783599854,0.149930402636528,0.336470007896423
"PER",1981,3,1.79769313486232e+308,97.3048095703125,3.57660794258118,1.79508697986603,-0.0285858996212482,-0.0160604007542133,3.89853191375732,5,8.55047512054443,-0.00224540010094643,1.8357800245285
"PER",1986,4,-2.64173603057861,1201.96899414062,3.36736798286438,1.82567799091339,0.00602080021053553,-0.0169654991477728,3.75560307502747,8,8.47017288208008,-0.029925499111414,1.82455003261566
"PER",1994,5,-1.57094204425812,10.1161804199219,3.45565509796143,1.98965394496918,0.0156923998147249,0.0161629002541304,3.8037691116333,6,8.33444881439209,-0.0437204018235207,1.58515000343323
"PHL",1965,1,-1.78325796127319,6.95145082473755,3.57706308364868,1.48726999759674,-0.00638880021870136,0.0179021991789341,3.93808102607727,6,7.70088291168213,0.00469519989565015,1.25276005268097
"PHL",1971,2,-1.12801003456116,16.0196704864502,3.84684705734253,1.78641200065613,-0.00495490012690425,0.0081938998773694,3.89974808692932,14,7.80829620361328,0.0262660998851061,1.28093004226685
"PHL",1985,3,-1.63885498046875,10.8945999145508,4.00518178939819,1.89476704597473,0.00258399988524616,0.0109823998063803,3.83037900924683,6,7.92301082611084,-0.0168494004756212,1.6486599445343
"PHL",1991,4,-1.06377398967743,8.95990180969238,4.36229276657104,2.06394696235657,-0.00229489989578724,0.0216828994452953,3.84588289260864,6,7.98890590667725,0.0219001993536949,1.54755997657776
"PRT",1973,1,-0.292380511760712,18.7403602600098,3.93137693405151,1.01776397228241,-0.0139682004228234,0.0151792000979185,3.70327496528626,7,9.00355529785156,-0.00557309994474053,1.74919998645782
"PRT",1980,2,-0.343449413776398,18.2445507049561,4.18752193450928,1.32945895195007,-0.013090799562633,0.0295710004866123,3.60549807548523,9,9.10980987548828,0.0380726009607315,1.71019005775452
"PRT",1989,3,-0.614296078681946,9.97411727905274,4.19535303115845,1.5908670425415,0.0171575993299484,0.017594100907445,3.48768091201782,5,9.37594890594482,-0.0129933003336191,2.05283999443054
"PRT",1994,4,-0.229328393936157,4.0617299079895,4.21310615539551,1.69927895069122,0.0042200000025332,0.0361382998526096,3.57346892356873,5,9.4639196395874,-0.00839279964566231,1.98786997795105
"PRY",1991,1,-1.51192700862885,15.1632499694824,4.34083986282349,1.80796098709106,0.0483031012117863,0.0114909997209907,3.68235802650452,6,8.5071325302124,-0.170430898666382,1.78339004516602
"ROM",1989,1,-1.84005105495453,129.006195068359,3.90762710571289,1.79769313486232e+308,0.0407242998480797,-0.0405131988227367,3.15188097953796,5,8.58196067810059,-0.0276820007711649,2.30058002471924
"ROM",1994,2,-3.00576591491699,78.2752685546875,4.08586978912354,1.79769313486232e+308,0.00847120024263859,-0.000996600021608174,3.3555018901825,5,8.37939453125,-0.00898700021207333,2.16216993331909
"SEN",1960,1,-1.33834397792816,5.77960205078125,4.16870498657227,0.493476003408432,-0.00110150000546128,-0.00657620001584292,4.02535200119019,31,7.50524997711182,0.00497259991243482,1.0986100435257
"SGP",1973,1,-0.435901701450348,6.13191413879394,1.79769313486232e+308,1.70256400108337,-0.0205307994037867,0.0547554008662701,3.71357202529907,5,8.88334465026856,0.0563542991876602,1.69369995594025
"SGP",1978,2,-0.212453901767731,5.53522682189941,1.79769313486232e+308,1.70456600189209,0.0314007997512817,0.0662622004747391,3.61091804504394,5,9.1571216583252,-0.0757512003183365,1.97546994686127
"SGP",1983,3,0.00432590022683144,1.31646001338959,1.79769313486232e+308,1.8089439868927,-0.010869899764657,0.0388091988861561,3.76792192459106,5,9.48843288421631,0.0556323006749153,1.59670996665955
"SGP",1988,4,-0.0627857968211174,4.17551612854004,1.79769313486232e+308,1.78439903259277,0.005816999822855,0.0516739003360271,3.71357202529907,5,9.68247890472412,-0.046391200274229,1.8748699426651
"SGP",1993,5,0.0757775977253914,1.20993304252625,1.79769313486232e+308,1.90464198589325,0.0110152997076511,0.0379380993545055,3.74265694618225,5,9.9408483505249,-0.0897990986704826,1.64292001724243
"SLE",1968,1,-2.93787002563477,29.392240524292,3.86510491371155,-0.161343097686768,0.00162480003200471,-0.00171009998302907,4.10742521286011,21,7.2044677734375,-0.0438056997954845,1.01522994041443
"SLV",1965,1,-1.57369995117188,5.43954801559448,4.09264087677002,0.77472722530365,-0.00756599986925721,0.0171528998762369,3.97029209136963,12,8.26848602294922,-0.00794249959290028,1.70474994182587
"SLV",1977,2,-1.26755595207214,6.24842214584351,4.0269980430603,1.16283798217773,0.00095860002329573,-0.0248696003109217,3.87949991226196,12,8.47432041168213,-0.0587682984769344,1.60943996906281
"SLV",1989,3,-1.40337800979614,6.85797500610352,3.91488099098206,1.44738900661468,0.00303589995019138,0.0270278993993998,3.89100408554077,6,8.17588520050049,0.0691445991396904,0.90421998500824
"SLV",1995,4,-0.955869913101196,4.69622993469238,4.12652683258057,1.54756200313568,0.0125916004180908,0.0118533996865153,3.90921902656555,5,8.33805274963379,0.0242631006985903,1.31909000873566
"SWE",1963,1,-0.284875601530075,6.6930627822876,3.85739398002624,2.07643699645996,-0.029696699231863,0.0293838996440172,3.66356205940247,12,9.35575199127197,0.0433229990303516,1.48160994052887
"SWE",1975,2,-0.203682094812393,11.028510093689,4.0337381362915,2.18233704566956,0.0344380997121334,0.00845220033079386,3.30720210075378,5,9.70835876464844,-0.0102586997672915,2.00148010253906
"SWE",1980,3,-0.164648801088333,8.92911911010742,4.17035293579102,2.24675488471985,-0.00753859989345074,0.0172547996044159,3.47939205169678,5,9.75061988830566,0.000284300011117011,1.95018994808197
"SWE",1985,4,0.00657420000061393,6.84437322616577,4.13430595397949,2.24675488471985,0.00803119968622923,0.0210357997566462,3.44169902801514,5,9.83689403533936,0.00997439958155155,1.9516099691391
"SWE",1990,5,0.232216700911522,4.58050584793091,4.10279989242554,2.25276398658752,-0.0473065003752708,-0.000870499992743134,3.4818549156189,5,9.94207286834717,0.0520312003791332,2.00148010253906
"SWE",1995,6,-0.0356095992028713,1.48766005039215,4.34139108657837,2.41876697540283,0.0257690995931625,0.0265539009124041,3.24532294273376,5,9.93772029876709,-0.00206890003755689,2.2616400718689
"SYC",1978,1,-1.74140095710754,8.44018173217774,4.93061399459839,1.79769313486232e+308,0.00358429993502796,0.0312485992908478,3.82864093780518,6,8.8276252746582,-0.00761630013585091,1.4768899679184
"THA",1962,1,-1.86981499195099,2.79492092132568,3.57262706756592,1.33605301380157,0.00459720008075237,0.0523657985031605,3.72037792205811,7,7.06713914871216,-0.0634765028953552,2.07944011688232
"THA",1969,2,-1.60899198055267,6.5938777923584,3.64244389533997,1.39252495765686,-0.00351640000008047,0.0340845994651318,3.75255799293518,6,7.43369913101196,-0.0069662001915276,1.63511002063751
"THA",1975,3,-1.0723489522934,7.5075101852417,3.84290289878845,1.39252495765686,0.0160159002989531,0.0548046007752418,3.7314600944519,5,7.63820695877075,0.0193575005978346,1.59330999851227
"THA",1980,4,-0.744957387447357,5.00859212875366,3.91138195991516,1.48794794082642,0.00784709956496954,0.0349414013326168,3.81153893470764,6,7.91223001480102,-0.042501900345087,1.6900999546051
"THA",1986,5,-0.391705989837646,4.91738080978394,4.22459411621094,1.71990501880646,0.0138266002759337,0.0810715034604073,3.8586220741272,6,8.1218786239624,-0.0211252998560667,1.43508005142212
"THA",1992,6,0.235479801893234,5.12663984298706,4.47143983840942,1.80451095104218,-0.0365445986390114,0.0226428005844355,3.9415819644928,6,8.60830783843994,0.0905444025993347,1.30833005905151
"TTO",1971,1,-1.54694604873657,21.5011291503906,4.48503398895264,1.72597599029541,-0.0202459003776312,0.0549189001321793,3.93182611465454,5,8.70746231079102,0.0661128014326096,0.662689983844757
"TTO",1976,2,-1.20959997177124,12.8293600082397,4.46601581573486,1.98224198818207,-0.0199231002479792,0.050432201474905,3.83059597015381,5,8.98205661773682,0.0478616990149021,0.993250012397766
"TTO",1981,3,-0.657948017120361,4.899010181427,4.26204109191894,1.93816602230072,0.00298190000467002,-0.0135735999792814,3.73098111152649,7,9.23421764373779,0.0509536005556583,1.23256003856659
"TUN",1965,1,1.79769313486232e+308,4.4603910446167,3.63600397109985,-0.0661398023366928,0.0375840999186039,0.0429951995611191,3.74478697776794,6,7.68399906158447,-0.0218380000442266,1.74047005176544
"TUN",1971,2,1.79769313486232e+308,8.85225200653076,4.17409515380859,0.817574799060822,-0.0232324004173279,0.0487921983003616,3.97029209136963,9,7.941969871521,-2.6100000468432e-05,1.60943996906281
"TUN",1980,3,1.79769313486232e+308,10.5826997756958,4.39447021484375,1.07738900184631,0,0.0189516004174948,3.76119995117188,5,8.38109970092774,0,1.60920000076294
"TUN",1985,4,-0.663161873817444,5.54992008209228,4.37828493118286,1.20686900615692,-0.0134666003286839,0.00573060009628534,3.76119995117188,5,8.47585773468018,0.0331498011946678,1.60920000076294
"TUN",1990,5,-0.497831702232361,4.50508785247803,4.4945330619812,1.37092697620392,0.000990099972113967,0.0316666997969151,3.69386696815491,10,8.5045108795166,0.00168069999199361,1.77495002746582
"TUR",1968,1,1.79769313486232e+308,13.3902997970581,2.43891191482544,0.958966970443726,-0.0187052004039288,0.0254618003964424,4.02535200119019,5,8.14769744873047,0.0308301001787186,1.0986100435257
"TUR",1973,2,-3.70296001434326,39.3301010131836,3.06762290000916,1.04415595531464,-0.0103994999080896,0.0242382008582354,3.93182611465454,14,8.27500629425049,0.0288255997002125,1.25276005268097
"TUR",1987,3,-1.9538049697876,66.6848068237305,3.52400207519531,1.42190301418304,0.0150838997215033,0.00787799991667271,3.78623294830322,7,8.61434173583984,-0.00958370044827461,1.65631997585297
"TUR",1994,4,-1.78823900222778,76.3102264404297,3.90588402748108,1.63276398181915,-0.0346589013934135,0.0266494993120432,3.89181995391846,6,8.66948795318604,0.0365088991820812,1.58923995494843
"TZA",1964,1,1.79769313486232e+308,1.79769313486232e+308,1.79769313486232e+308,1.12070000171661,-0.0650845021009445,0.0278399996459484,3.98898410797119,5,6.16521120071411,-0.147141396999359,1.56861996650696
"TZA",1969,2,1.79769313486232e+308,1.79769313486232e+308,1.79769313486232e+308,0.962410688400268,0.0150784999132156,0.0172815006226301,3.66356205940247,8,6.30441093444824,0.0916199013590813,0.832910001277924
"TZA",1977,3,-2.36137294769287,23.7208404541016,3.84990310668945,0.984696805477142,0.0209654998034239,-0.0170630998909473,3.7841899394989,14,6.44266319274902,-0.0481336005032062,1.5658700466156
"TZA",1991,4,-2.60186409950256,19.6618690490723,3.88630199432373,0.986935615539551,-0.0474929995834827,0.00138539995532483,4.07770681381226,10,6.20378017425537,0.103952303528786,0.892000019550324
"UGA",1989,1,-3.30017590522766,24.8210391998291,3.43972396850586,1.18448400497437,0.0457751005887985,0.0332868993282318,3.4965078830719,11,6.48060703277588,-0.077312096953392,2.14242005348206
"URY",1989,1,-1.49998295307159,67.3150634765625,3.68308210372925,1.95896697044373,0.00339070009067655,0.0304116997867823,3.74549603462219,6,8.89921474456787,-0.0140568995848298,1.69377994537354
"URY",1995,2,-1.0820540189743,17.3815593719482,3.67530298233032,1.98897004127502,0.00592970009893179,0.0180169995874166,3.76584100723267,5,9.08168506622314,-0.00816440023481846,1.60943996906281
"USA",1959,1,-0.413783490657806,1.79769313486232e+308,1.79769313486232e+308,2.13912391662598,0.000924299994949251,0.0270342007279396,3.54211807250977,5,9.40660667419434,0.00800110027194023,1.58923995494843
"USA",1964,2,-0.299653589725494,3.83811497688293,2.31698989868164,2.20739507675171,-0.00620480021461844,0.0341733992099762,3.54674005508423,5,9.54177761077881,0.0187052004039288,1.62924003601074
"USA",1969,3,-0.124715596437454,5.6793532371521,2.53361797332764,2.25454998016357,0.00306789996102452,0.0230682007968426,3.51571607589722,5,9.71264457702637,0,1.72276997566223
"USA",1974,4,-0.168328493833542,7.6511721611023,2.84562206268311,2.27109408378601,0.00520109990611672,0.0298931002616882,3.5310549736023,5,9.8279857635498,-0.0110120000317693,1.72276997566223
"USA",1979,5,-0.127608999609947,6.76367807388306,2.93858003616333,2.47359299659729,0.0102300997823477,0.0136515004560351,3.55706095695496,5,9.97745132446289,-0.0240288004279137,1.66770994663239
"USA",1984,6,0.071669302880764,3.17327404022217,2.91943693161011,2.44832897186279,0.00671530002728105,0.0261629000306129,3.60821199417114,5,10.0457096099854,-0.00430120015516877,1.54755997657776
"USA",1989,7,0.261762291193008,2.97792100906372,3.0338339805603,2.46317195892334,0.0356240011751652,0.0118134999647737,3.64178800582886,5,10.1765203475952,-0.0490244999527931,1.52605998516083
"USA",1994,8,0.532581984996796,1.71305704116821,3.15997695922852,2.47586607933044,-0.000439099996583536,0.0283778999000788,3.81990790367126,5,10.2355899810791,0,1.28093004226685
"VEN",1962,1,-1.46898400783539,3.26931309700012,3.67963790893555,1.11972105503082,0.0140236997976899,0.00996080040931702,3.73766994476318,9,9.08031940460205,-0.0222967006266117,1.48160994052887
"VEN",1971,2,-1.12438094615936,14.4766902923584,3.82887291908264,1.28978300094604,-0.0176276005804539,-0.0250304993242025,3.86388301849365,5,9.16996669769287,0.0575364008545876,1.28093004226685
"VEN",1976,3,-0.709251880645752,13.7270698547363,3.93206691741943,1.70037496089935,-0.00374790001660585,-0.0190120991319418,3.77574491500854,5,9.04481410980225,0.00816440023481846,1.56861996650696
"VEN",1981,4,-0.61789882183075,12.0636701583862,3.7547550201416,1.72899699211121,0.00890470016747713,-0.0126753002405167,3.75700497627258,6,8.9497537612915,-0.00925210025161505,1.60943996906281
"VEN",1987,5,-1.18756794929504,38.1169204711914,3.97951292991638,1.60100197792053,-0.0134019004181027,0.004717200063169,3.81043291091919,6,8.87370204925537,0.0281402003020048,1.55393004417419
"VEN",1993,6,-2.04026389122009,53.1885795593262,3.94129395484924,1.90106201171875,0.027818800881505,-0.0136221004649997,3.73002099990845,5,8.90200519561768,-0.0592374987900257,1.72276997566223
"YEM",1992,1,-3.06488990783691,21.5430793762207,4.49725389480591,1.79769313486232e+308,-0.099218100309372,0.00248469994403422,3.67630100250244,6,6.84315204620361,0.0754053965210915,1.80829000473022
"ZMB",1959,1,1.79769313486232e+308,7.49551391601562,4.48302507400513,0.924258887767792,0.00356619991362095,0.0143440002575517,3.8712010383606,17,7.03913021087646,-0.0313069000840187,1.8405499458313
"ZMB",1976,2,-2.65007400512695,38.7249794006348,4.29049015045166,1.36046397686005,-0.0105889998376369,-0.022520400583744,3.93182611465454,15,7.28297901153564,0.0272707995027304,1.30833005905151
"ZMB",1991,3,-2.94937205314636,88.035530090332,4.3152642250061,1.69046497344971,0.0270048994570971,-0.0428180992603302,3.77299094200134,5,6.94517421722412,-0.0564621016383171,1.71739995479584
"ZWE",1990,1,-1.41122305393219,20.9584102630615,4.13214015960693,1.61641299724579,0.0503528006374836,-0.0190038997679949,4.04006385803223,5,7.97729301452637,-0.35046911239624,1.38127994537354