taxpayerid,countrycode,year,timeperiod,logprivatecredit,inflation,logtrade,logschooling,growthingini,growthgdppercapita,loginitialgini,span,loginitialgdppercapita,growthlowestincomeshare,loginitiallowestincomeshare
507-25-2203,ARG,1961,1,1.79769313486232e+308,18.78516006,2.471437931,1.695616007,-0.0121819,0.0236554,3.737669945,8,8.934109688,-0.0151701,1.945909977
507-25-2203,ARG,1969,2,1.79769313486232e+308,34.32421112,2.542906046,1.825517058,-0.0074875,0.020243799,3.640213966,5,9.123353004,-0.006558,1.824550033
507-25-2203,ARG,1974,3,1.79769313486232e+308,175.0953979,2.615763903,1.840708017,0.024454599,0.0077616,3.602777004,6,9.224572182,-0.030386901,1.791759968
507-25-2203,ARG,1980,4,-2.081372023,566.737793,2.722018003,1.950898051,0.0125921,-0.0360846,3.749504089,9,9.271142006,-0.022050099,1.609439969
507-25-2203,ARG,1989,5,-1.958770037,880.1132202,2.78765893,2.095807076,-0.0068383,0.0651033,3.862833023,5,8.946380615,-0.008979,1.41099
507-25-2203,ARG,1994,6,-1.523746967,0.237229794,3.064543009,2.135349035,0.0183364,-0.0029945,3.828640938,7,9.271897316,-0.033527099,1.366090059
143-96-6122,AUS,1967,1,-1.471112013,9.07311058,3.322326899,2.316291094,0.0078093,0.022977499,3.465735912,9,9.482102394,-0.0135932,1.887069941
143-96-6122,AUS,1976,2,-1.359022975,9.928085327,3.449739933,2.330977917,0.030371901,0.016176799,3.536020041,5,9.688899994,-0.047734901,1.764729977
143-96-6122,AUS,1981,3,-1.234302998,7.885149956,3.481496096,2.33418107,0.0031778,0.0115446,3.687879086,5,9.769783974,0.0085119,1.526059985
143-96-6122,AUS,1986,4,-0.660783529,4.621400833,3.546704054,2.339785099,-0.040395401,0.0176467,3.703768015,7,9.827507019,0.074844398,1.568619967
143-96-6122,AUS,1993,5,-0.364837706,1.197453976,3.683008909,2.3670609,0.0228291,0.031847201,3.421000004,5,9.951033592,-0.151505098,2.092530012
122-55-6636,AUT,1987,1,-0.160579801,2.86083293,4.249761105,2.049110889,0.0111748,0.0249008,3.365394115,7,9.765436172,0.0122821,1.97961998
122-55-6636,AUT,1994,2,-0.079668596,1.087342978,4.330156803,2.086045027,-0.044149999,0.02111,3.443618059,5,9.939742088,0.0473978,2.065599918
215-40-5492,BEL,1979,1,-1.324612975,5.283737183,4.885247231,2.109486103,-0.0124152,0.0138302,3.341094017,6,9.65455246,0.0141499,2.066859961
215-40-5492,BEL,1985,2,-1.078827977,3.148578882,4.909155846,2.149084091,0.0037365,0.025978601,3.266602993,7,9.737532616,-0.0080287,2.151760101
215-40-5492,BEL,1992,3,-0.322773486,2.223942041,4.897898197,2.208273888,-0.0008712,0.0144711,3.292757988,5,9.919383049,0.0194418,2.095560074
508-66-3760,BGD,1963,1,1.79769313486232e+308,11.59547997,3.013667107,-0.187535107,-0.0035743,-0.0241779,3.61926198,10,7.016562939,0.0014389,1.931519985
508-66-3760,BGD,1973,2,1.79769313486232e+308,31.88275909,2.874345064,0.247640997,-0.0046651,0.0230978,3.583518982,5,6.774784088,0.01003,1.945909977
508-66-3760,BGD,1978,3,1.79769313486232e+308,14.07818985,3.060735941,0.64027369,0.0046651,0.0284261,3.560193062,5,6.890273094,-0.0043958,1.996060014
508-66-3760,BGD,1983,4,1.79769313486232e+308,10.03229046,2.899666071,0.722220421,-0.044281799,0.0125957,3.583518982,5,7.032402992,0.054386798,1.974079967
508-66-3760,BGD,1988,5,-1.889016986,5.426653862,3.056416035,0.788911819,0.0219012,0.027948899,3.3621099,7,7.095382214,-0.011649,2.246020079
508-66-3760,BGD,1995,6,-1.510342956,3.797498941,3.43957305,0.878381193,-0.0118204,0.0275665,3.515419006,5,7.291024208,0.0065506,2.164469957
122-57-8231,BOL,1968,1,-2.106602907,641.0350952,3.917152882,1.530611038,-0.0105305,-0.0012522,3.970292091,22,7.829751015,0.0215258,1.252760053
122-57-8231,BOL,1990,2,-1.075795054,12.18220997,3.879241943,1.614027023,0.045198798,0.0133158,3.738620996,5,7.802203178,-0.114562303,1.726330042
122-57-8231,BOL,1995,3,-0.608969808,7.228438854,3.885375023,1.669026971,0.0003791,0.0082228,3.96461606,5,7.868782043,0.0044106,1.153519988
308-44-1255,BRA,1960,1,1.79769313486232e+308,30.78543091,2.563797951,1.048370957,0.0083404,0.042295299,3.970292091,10,7.771254063,0,1.163149953
308-44-1255,BRA,1970,2,1.79769313486232e+308,27.92070007,2.844213963,1.094269991,0.0075784,0.071728997,4.053696156,6,8.194207191,-0.0624489,1.163149953
308-44-1255,BRA,1976,3,1.79769313486232e+308,64.31130981,2.83376503,1.133335948,-0.0168451,0.0147861,4.099165916,5,8.624581337,0.068588898,0.788460016
308-44-1255,BRA,1981,4,1.79769313486232e+308,157.0037994,2.922449112,1.24674499,-0.0032746,0.0156145,4.014941216,5,8.698512077,0,1.131399989
308-44-1255,BRA,1986,5,-1.349647999,1026.619995,2.797689915,1.391281962,0.017325999,-0.004184,3.998568058,7,8.776584625,-0.051613402,1.131399989
308-44-1255,BRA,1993,6,-1.102462053,723.9719238,2.878235102,1.492903948,-0.0084624,0.0134733,4.119850159,5,8.747296333,0.0355362,0.770110011
460-01-1523,BWA,1985,1,-2.317955971,12.87164974,4.650877953,1.281489015,-0.0006372,0.0374205,3.992865086,9,8.322672844,0.044009998,1.280930042
027-16-0327,CAN,1965,1,-1.186174035,4.286291122,3.706579924,2.176455021,0.0032891,0.025495101,3.453474045,6,9.429001808,-0.0131263,1.96431005
027-16-0327,CAN,1971,2,-0.77408731,8.777280807,3.818583012,2.278496981,-0.0014017,0.032866601,3.473207951,6,9.581972122,-0.0043558,1.885550022
027-16-0327,CAN,1977,3,-0.309326202,8.93680954,3.934832096,2.333599091,-0.016760699,0.0077171,3.464797974,5,9.779171944,0.0286825,1.859419942
027-16-0327,CAN,1982,4,-0.271032095,4.617798805,3.953628063,2.376020908,0.018690599,0.033755701,3.380995035,5,9.817757607,-0.018657601,2.002830029
027-16-0327,CAN,1987,5,-0.139539599,2.976131916,4.019217968,2.396986008,-0.003313,0.005027,3.474447966,7,9.986536026,0.0152985,1.909540057
027-16-0327,CAN,1994,6,-0.0548581,1.262531996,4.333088875,2.432910919,0.025896201,0.0280344,3.45125699,5,10.02171993,-0.0238965,2.016629934
453-22-2426,CHE,1982,1,0.345846415,3.573959112,4.244959831,2.316881895,-0.0004169,0.0130559,3.584907055,10,9.991249084,-0.017090401,1.99545002
453-22-2426,CHE,1992,2,0.47839579,0.925536394,4.230846882,2.332823038,-0.019688601,0.0038319,3.580737114,6,10.12180996,0.0428854,1.824550033
505-28-5641,CHL,1968,1,-2.023370981,163.1492004,3.623790979,1.724907041,0.0127885,0.0129011,3.820785046,12,8.44154644,-0.031414099,1.504080057
505-28-5641,CHL,1980,2,-0.715968728,21.37471008,3.899799109,1.859418035,0.0083935,-0.0021629,3.974246025,7,8.596360207,0.016721001,1.127110004
505-28-5641,CHL,1987,3,-0.801836014,18.77667999,4.134422779,1.940897942,-0.021415001,0.058952101,4.033000946,5,8.581219673,0.033366501,1.244160056
505-28-5641,CHL,1992,4,-0.557566702,9.026968002,4.037127972,1.981001019,0.0162731,0.052395798,3.92592597,6,8.875980377,-0.071333997,1.41099
130-50-3276,CIV,1985,1,-1.049144983,-0.541634917,4.135237217,1.79769313486232e+308,-0.0137748,-0.020653,3.718681097,8,7.750678062,0.026789701,1.738710046
130-50-3276,CIV,1993,2,-1.590605974,13.00063992,4.252957821,1.79769313486232e+308,0.0369514,0.0023921,3.608483076,5,7.585453987,-0.049655899,1.95302999
124-92-8794,CMR,1983,1,-1.579635024,5.264876842,3.787439108,0.999528289,0.0150643,-0.024369299,3.891819954,13,7.863611221,-0.038793702,1.337229967
124-92-8794,CMR,1996,2,-2.584502935,2.414750099,3.944617987,1.264127016,-0.0597861,0.0212611,4.087656021,5,7.546811104,0.177971497,0.832910001
483-44-0218,COL,1964,1,-1.693128943,10.27906036,3.267352104,1.096943974,-0.029251,0.0201608,4.127133846,6,7.937161922,0.192431897,0.788460016
483-44-0218,COL,1970,2,-1.649423957,19.52467918,3.400167942,1.115468979,0.0058216,0.032729499,3.95162797,8,8.058127403,-0.1014558,1.943050027
483-44-0218,COL,1978,3,-1.344411969,24.00425911,3.336824894,1.483193994,-0.0062461,0.0140606,3.998200893,10,8.319963455,0.0176931,1.131399989
483-44-0218,COL,1988,4,-1.449393988,27.38970947,3.528836012,1.54777503,0.0163293,0.0211812,3.935739994,7,8.460569382,-0.0211874,1.308330059
483-44-0218,COL,1995,5,-1.115566969,15.34492016,3.602305889,1.602211952,0,-0.0035503,4.050045013,5,8.608838081,-0.055250701,1.160019994
483-66-1739,CRI,1961,1,-1.366808057,1.83348,4.063156128,1.425995946,0,0.023624999,3.912023067,8,8.1049757,-0.0149752,1.824550033
483-66-1739,CRI,1969,2,-1.372356057,12.98633957,4.208334923,1.371433973,0,0.0352141,3.912023067,8,8.29397583,-0.084391102,1.704749942
483-66-1739,CRI,1977,3,-1.43443203,29.68346977,4.289369106,1.646733999,-0.034870699,-0.031341899,3.912023067,5,8.575688362,0.124437101,1.029620051
483-66-1739,CRI,1982,4,-1.760339975,26.57802963,4.261518955,1.683616996,0.0132132,0.0110513,3.737669945,7,8.418978691,-0.037930101,1.65181005
483-66-1739,CRI,1989,5,-2.097012043,22.80402946,4.335344791,1.714517951,0.003098,0.0072233,3.830162048,7,8.496337891,0.0014215,1.386289954
027-32-2155,DNK,1963,1,-1.292032003,8.797588348,4.049619198,2.171336889,-0.0136101,0.029533301,3.610918045,13,9.402224541,0.025772501,1.609439969
027-32-2155,DNK,1976,2,-1.39340198,9.443716049,4.132648945,2.195223093,-6.45E-05,-0.0002617,3.433986902,5,9.786158562,-0.0093721,1.944479942
027-32-2155,DNK,1981,3,-1.361065984,7.696240902,4.249368191,2.210689068,0.051043,0.034372699,3.433665037,5,9.784850121,-0.032543,1.897619963
027-32-2155,DNK,1986,4,-0.785848379,3.882105112,4.176568985,2.259886026,-0.0050636,0.0080029,3.688879013,5,9.956713676,0.0081089,1.734910011
027-32-2155,DNK,1991,5,-1.030660987,2.172626972,4.20028019,2.239964962,-0.0034543,0.020152699,3.663562059,6,9.996727943,0.0134747,1.775449991
027-32-2155,DNK,1997,6,-0.2509799,1.954169035,4.33590889,2.268096924,0.0041452,0.0165831,3.642836094,5,10.11763954,-0.0063497,1.856299996
002-77-0831,DOM,1976,1,-1.280490994,8.382110596,3.803462982,1.32228899,-0.0048426,0.0198348,3.806663036,8,7.883338928,0.020578099,1.52177
002-77-0831,DOM,1984,2,-1.34671402,26.74206924,4.199413776,1.399456978,0.030651901,0.0130726,3.767921925,5,8.042016983,-0.050262898,1.686400056
002-77-0831,DOM,1989,3,-1.483500004,21.49183083,4.232163906,1.489977956,-0.0050424,0.0240543,3.921180964,7,8.107379913,0.0026955,1.435080051
008-23-6578,DZA,1988,1,-1.33088696,25.29071999,3.871853113,1.447625041,-0.0132474,-0.016704701,3.656615019,7,8.554472923,0.0041411,1.916919947
040-56-8709,ECU,1968,1,-1.649755955,4.937057018,3.912905931,1.26214695,0.0072278,0.028070301,3.637586117,20,7.701180935,-0.0174948,1.840549946
040-56-8709,ECU,1988,2,-1.839293003,7.592562199,4.110281944,1.775122046,-0.0034903,0.0001125,3.782141924,6,8.262586594,0.0313849,1.490650058
040-56-8709,ECU,1994,3,-1.255905986,1.200247049,3.954857111,1.815639019,0.062588401,-0.0226776,3.761199951,5,8.263261795,-0.183631599,1.678959966
040-22-9123,EGY,1959,1,-1.534919977,3.052264929,3.660556078,1.79769313486232e+308,-0.0081317,0.035394501,3.737669945,6,7.259133816,0.01385,1.65181005
040-22-9123,EGY,1965,2,-1.76127696,4.695662975,3.643569946,0.437609613,-0.0051293,-0.0038521,3.688879013,10,7.471500874,0.0080448,1.734910011
040-22-9123,EGY,1975,3,-1.383926034,13.64640045,4.077076912,0.437609613,-0.0107406,0.043149799,3.637586117,16,7.432980061,0.021748099,1.815350056
040-22-9123,EGY,1991,4,-1.230661988,11.60826015,4.007423878,1.606433034,0.0150447,0.0185175,3.465735912,5,8.123375893,-0.0426156,2.163320065
035-13-3344,ESP,1965,1,-0.367255002,7.89772892,3.186353922,1.324419022,0.018557901,0.054785799,3.465423107,8,8.850598335,-0.0184267,1.967110038
035-13-3344,ESP,1973,2,-0.311842114,16.92086029,3.374515057,1.555614948,-0.046551101,0.0087603,3.613887072,7,9.288885117,0.041155301,1.819700003
035-13-3344,ESP,1980,3,-0.340798497,11.77213955,3.620820999,1.760957003,-0.0123163,0.0046551,3.288028955,5,9.350207329,0.032041501,2.107789993
035-13-3344,ESP,1985,4,-0.367905408,7.59618187,3.605587006,1.760957003,0.050835501,0.041369401,3.226447105,5,9.373482704,-0.0494592,2.267990112
035-13-3344,ESP,1990,5,-0.279345304,5.406318188,3.671756983,1.862838984,-0.057376798,0.0117571,3.48062396,6,9.580329895,0.0499545,2.020699978
035-13-3344,ESP,1996,6,-0.180226907,3.098341942,3.998016119,1.985131025,0.083224699,0.035783999,3.136363983,5,9.650872231,-0.048196699,2.32043004
003-28-8852,ETH,1981,1,-1.877460957,7.17284584,3.237292051,1.79769313486232e+308,0.0150074,-0.0130865,3.478775978,14,6.452606201,-0.0133575,2.147099972
003-28-8852,ETH,1995,2,-1.530182958,5.62275219,3.697268009,1.79769313486232e+308,-0.0595465,0.0367167,3.688879013,5,6.269394875,0.049635898,1.960100055
151-55-2424,FIN,1962,1,-0.960754871,6.363131046,3.780237913,1.745365977,-0.059200499,0.039888501,3.828640938,9,9.004574776,0.149071902,0.875469983
151-55-2424,FIN,1971,2,-0.90039289,12.59449005,3.939182043,1.895668983,0.020041499,0.0251083,3.295836926,6,9.363571167,-0.050032198,2.217119932
151-55-2424,FIN,1977,3,-0.829227328,9.121608734,4.076413155,1.968929052,0.0065262,0.034639001,3.416085958,5,9.514221191,-0.0090241,1.916919947
151-55-2424,FIN,1982,4,-0.603334427,6.577163219,4.023131847,2.053996086,-0.0366816,0.027128801,3.448717117,5,9.687416077,0.0385051,1.871799946
151-55-2424,FIN,1987,5,-0.250230193,4.184707165,3.979934931,2.238579988,-0.0162268,0.0022463,3.265309095,8,9.823060036,0.036474701,2.064330101
151-55-2424,FIN,1995,6,-0.593111813,2.173243999,4.234886169,2.267371893,0.0059962,0.047215499,3.135493994,5,9.841030121,-0.0569948,2.356129885
157-11-0021,FJI,1968,1,-1.893062949,11.25424957,4.580850124,1.702381968,-0.008793,0.038050801,3.828640938,9,8.033712387,0.0271444,1.386289954
143-88-0101,FRA,1962,1,-1.316650033,4.210419178,3.30714798,1.720978975,-0.0285195,0.044980999,3.912023067,8,9.060438156,0.079884999,0.641849995
143-88-0101,FRA,1970,2,-1.004796028,8.707302094,3.543798923,1.736598969,0.0154666,0.025127999,3.683866978,5,9.420286179,0.135832205,1.280930042
143-88-0101,FRA,1975,3,-0.593648612,10.73929977,3.716736078,1.798570037,-0.072209701,0.0254132,3.761199951,6,9.545926094,0.037659399,1.960100055
143-88-0101,FRA,1981,4,-0.303874314,6.569215775,3.79972291,1.937013984,0.0199291,0.022591401,3.327941895,8,9.698405266,-0.0264963,2.186049938
143-88-0101,FRA,1989,5,-0.100318097,2.16357708,3.769932032,1.938886046,-0.0024616,0.003075,3.487375021,5,9.879136086,0.0195664,1.974079967
143-88-0101,FRA,1994,6,-0.1695095,0.948471308,3.845419884,2.004718065,-0.019495901,0.0187428,3.4750669,5,9.894511223,0.0250623,2.071909904
425-65-0246,GAB,1960,1,-1.858991981,11.09704018,4.630993843,1.79769313486232e+308,-0.0051187,0.062710002,4.158883095,15,8.015266418,0.042790301,0.693149984
042-52-6987,GBR,1961,1,-1.672083974,4.557208061,3.632514954,1.995380044,0,0.0234125,3.230803967,5,9.188667297,-0.0006427,2.235379934
042-52-6987,GBR,1966,2,-1.622405052,5.571755886,3.720714092,2.036011934,0.0031373,0.021201501,3.230803967,5,9.305729866,0.0112647,2.232160091
042-52-6987,GBR,1971,3,-1.273278952,13.60624027,3.92414999,2.083806992,-0.0204677,0.020752,3.246490955,5,9.411737442,0.0129584,2.288490057
042-52-6987,GBR,1976,4,-1.333269,14.25055981,4.004376888,2.112997055,0.0181193,0.0069405,3.144151926,5,9.515497208,-0.0309886,2.353280067
042-52-6987,GBR,1981,5,-0.883147776,6.287518978,3.971883059,2.141947031,0.0180574,0.0305479,3.234749079,5,9.550200462,-0.0137827,2.198339939
042-52-6987,GBR,1986,6,-0.063200302,6.093238831,3.922224998,2.171222925,0.0306245,0.018399,3.325036049,5,9.702939034,-0.019204799,2.129420042
042-52-6987,GBR,1991,7,0.099419199,3.456176996,3.970251083,2.207065105,-0.0056342,0.022372101,3.478157997,5,9.794934273,0.0044014,2.033400059
042-52-6987,GBR,1996,8,0.1798186,2.460777044,4.042025089,2.242835045,0.0176138,0.0254835,3.449987888,5,9.906794548,-0.0070365,2.055409908
425-91-5284,GHA,1987,1,-3.281260967,27.20944977,3.770418882,1.286749959,-0.0083766,0.0141034,3.56529808,5,7.031040192,0.0250495,1.941619992
425-91-5284,GHA,1992,2,-3.029908895,29.22957039,4.147657871,1.322821975,-0.007208,-2.37E-05,3.523415089,5,7.101556778,0.0122738,2.066859961
429-14-5567,GMB,1992,1,-2.268249989,4.182559013,4.75145483,0.666803181,0.0081649,-0.020550299,3.867026091,6,7.074917793,-0.015884999,1.481609941
450-51-2456,GRC,1974,1,-1.240375042,17.61009979,3.767143011,1.776815057,-0.0076041,0.021417599,3.558485985,7,9.201918602,0.0082399,1.856299996
450-51-2456,GRC,1981,2,-0.947306514,20.14962006,3.877996922,1.983206034,0.0079293,0.0018899,3.505256891,7,9.351841927,-0.013006,1.913980007
450-51-2456,GRC,1988,3,-1.117226958,16.81410027,3.804353952,2.079066992,-0.0152899,0.005019,3.560761929,5,9.365071297,0.038393602,1.822939992
450-51-2456,GRC,1993,4,-1.141255021,9.1369524,3.785329103,2.118901968,0.018167701,0.025724599,3.484312057,5,9.390166283,-0.044628698,2.014899969
479-37-1324,GTM,1979,1,-1.811864972,12.33819008,3.564481974,1.002100945,0.0198135,-0.0148268,3.906407118,8,8.271986961,-0.093401797,1.740470052
479-37-1324,GTM,1987,2,-1.908146024,14.54039001,3.737519026,1.11185801,-0.016668299,0.0083642,4.064916134,11,8.153372765,0.040166602,0.993250012
485-24-1855,GUY,1993,1,-0.878762722,9.219122887,5.381298065,1.792258978,0.015726799,0.078605898,3.694364071,6,7.72069788,-0.0552832,1.835780025
488-54-1254,HKG,1971,1,1.79769313486232e+308,9.173556328,5.119481087,1.910874963,0,0.0572512,3.711129904,5,8.850720406,-0.0145519,1.740470052
488-54-1254,HKG,1976,2,1.79769313486232e+308,10.43021011,5.159407139,2.072669029,0.0199049,0.074397497,3.711129904,5,9.136976242,-0.0274624,1.667709947
488-54-1254,HKG,1981,3,1.79769313486232e+308,7.193241119,5.277869225,2.127160072,-0.0145969,0.041159801,3.810653925,5,9.508963585,0.062348198,1.530400038
488-54-1254,HKG,1986,4,0.357791513,8.849370003,5.501716137,2.214082003,0.0137986,0.055714801,3.737669945,5,9.714762688,-0.0509887,1.842139959
488-54-1254,HKG,1991,5,0.320023,7.094165802,5.616261959,2.228399992,0.026595101,0.034455501,3.806663036,5,9.993336678,-0.055771898,1.587190032
490-23-8732,HND,1968,1,-1.308912039,6.192964077,4.17401123,0.798407614,-0.0066086,0.0093967,4.125196934,18,7.54749012,0.038508199,0.469999999
490-23-8732,HND,1986,2,-1.159451008,11.25446987,4.111244202,1.436274052,-0.018843699,-0.008373,4.006241798,5,7.716630936,0.025147701,1.163149953
490-23-8732,HND,1991,3,-1.407801986,20.90534019,4.392039776,1.504299998,0.0143525,-0.003419,3.912023067,5,7.674766064,-0.0124354,1.288890004
499-99-9191,HUN,1972,1,1.79769313486232e+308,2.008524895,4.389742851,2.079690933,-0.0113698,0.046947699,3.126760006,5,8.713916779,0.0175873,2.292540073
499-99-9191,HUN,1977,2,1.79769313486232e+308,4.804348946,4.410260201,2.204421043,-0.0053638,0.0254719,3.069911957,5,8.948655128,0.008512,2.380470037
499-99-9191,HUN,1982,3,-1.521885991,5.817412853,4.365054131,2.189415932,0.0282383,0.021598799,3.043092966,5,9.076015472,-0.0143312,2.4230299
499-99-9191,HUN,1987,4,-0.922952116,21.24019051,4.198843956,2.189527988,-0.0103933,-0.024401,3.184283972,6,9.184008598,0.0012095,2.35138011
499-99-9191,HUN,1993,5,-1.446637988,19.96899986,4.510268211,2.17770195,0.021776,0.0238012,3.121923923,5,9.037602425,-0.016949801,2.358629942
500-01-4545,IDN,1964,1,1.79769313486232e+308,290.8382874,3.207659006,0.604315996,-0.0135491,0.0268881,3.50555706,6,6.83021307,0.0156822,1.994879961
500-01-4545,IDN,1970,2,1.79769313486232e+308,19.92115974,3.667732954,1.053266048,0.019931801,0.050283,3.424263,6,6.991540909,-0.0015892,2.088979959
500-01-4545,IDN,1976,3,-2.428189993,18.86212921,3.889368057,1.299373984,-0.0050932,0.063596502,3.543853998,5,7.293239117,-0.0071254,2.079440117
500-01-4545,IDN,1981,4,-1.954942942,8.346663475,3.862976074,1.386543989,-0.0087232,0.029537899,3.518388033,6,7.61122179,0.0057294,2.043809891
500-01-4545,IDN,1987,5,-1.088235021,9.853199959,3.880755901,1.388043046,-0.0016745,0.054164201,3.466048002,6,7.788448811,0.0138051,2.078190088
500-01-4545,IDN,1993,6,-0.745291591,19.60244942,4.103228092,1.514688015,-0.0009494,0.0092403,3.456001043,6,8.113434792,0.0052915,2.161020041
502-66-7373,IND,1959,1,-2.411273003,1.79769313486232e+308,1.79769313486232e+308,0.521171927,-0.033108301,0.035122201,3.601140022,5,6.693645954,0.026706301,2.04121995
502-66-7373,IND,1964,2,-2.337296009,7.115522861,2.278069973,0.659590423,0.0026872,0.022491699,3.435599089,5,6.869256973,-0.0045979,2.17475009
502-66-7373,IND,1969,3,-1.982620001,7.304914951,2.323818922,0.817574799,0.0026333,0.0073165,3.449034929,8,6.981716156,-0.001462,2.151760101
502-66-7373,IND,1977,4,-1.568387032,8.896036148,2.674410105,1.186012983,-0.0034052,0.0210234,3.470101118,6,7.040246964,0.0019494,2.140069962
502-66-7373,IND,1983,5,-1.398311973,7.963013172,2.599298,1.290884018,-0.0021712,0.037280399,3.449670076,5,7.166388035,0.0090925,2.151760101
502-66-7373,IND,1988,6,-1.442919016,9.888496399,2.821857929,1.411718011,0.0023616,0.025804,3.438813925,5,7.352789879,-0.0022346,2.197230101
502-66-7373,IND,1993,7,-1.489706993,7.659827232,3.120007992,1.509174943,0.022149401,0.051197901,3.450622082,6,7.481810093,-0.0250066,2.186049938
504-52-0835,IRL,1973,1,-0.76092118,14.33648014,4.574677944,1.959390044,-0.0116903,0.030534999,3.655580997,7,8.992832184,0.0029456,1.568619967
504-52-0835,IRL,1980,2,-0.518216193,9.793872833,4.656352997,2.009287119,-0.0042708,0.0185322,3.573749065,7,9.206577301,0.000872,1.589239955
504-52-0835,IRL,1987,3,-0.463033289,2.71500802,4.743506908,2.172363043,0.0084176,0.046948198,3.543853998,7,9.336302757,0.050692499,1.595340014
504-52-0835,IRL,1994,4,-0.287445813,3.510413885,4.998054981,2.20618391,-0.0305578,0.083667599,3.602777004,5,9.66493988,0.025851,1.950189948
505-87-3862,IRN,1969,1,-1.206498981,16.26259995,3.811175108,0.474369109,0.0016042,-0.0039824,3.734807968,15,8.404086113,-0.0028915,1.656870008
505-87-3862,IRN,1984,2,-1.313132048,21.4865303,3.426132917,1.215803027,0.0018084,0.0196518,3.758872032,14,8.344350815,0.0011246,1.613499999
509-33-9572,ISR,1992,1,-0.504723072,11.40270042,4.333010197,2.246543884,0.0134418,0.027286099,3.570377111,5,9.575890541,-0.0241103,1.935379982
510-01-0345,ITA,1974,1,-0.433616787,17.10535049,3.795312881,1.732009053,-0.019506499,0.0246334,3.713572025,5,9.4734869,0.064757399,1.629240036
510-01-0345,ITA,1979,2,-0.676369786,16.67884064,3.828171968,1.774103999,-0.0229994,0.0156588,3.616039991,5,9.596653938,0.0302213,1.95302999
510-01-0345,ITA,1984,3,-0.711921394,7.954331875,3.704269886,1.818076968,-0.002489,0.034613598,3.501043081,5,9.674947739,0.0036255,2.10413003
510-01-0345,ITA,1989,4,-0.568166375,5.605711937,3.723181009,1.869645953,0.0167436,0.0116663,3.488598108,6,9.848015785,-0.049618699,2.122260094
510-01-0345,ITA,1995,5,-0.511362791,3.19492507,3.909780025,1.923810959,0,0.0141487,3.589059114,5,9.918013573,-0.0032521,1.824550033
510-55-0574,JAM,1958,1,-1.723688006,4.646121979,4.3095541,0.932164073,-0.021117199,0.035755601,3.994708061,13,7.824058056,0.0103699,1.547559977
510-55-0574,JAM,1971,2,-1.32643497,17.34992981,4.471903801,1.322556019,0.0026312,-0.0041108,3.720184088,17,8.288880348,0.0003457,1.682369947
510-55-0574,JAM,1988,3,-1.281468034,33.61923981,4.633893013,1.556880951,-0.0258871,0.002433,3.764914036,5,8.218997002,0.0463221,1.688249946
510-55-0574,JAM,1993,4,-1.451815963,23.43219948,4.609744072,1.613230944,0.076900199,0.0002432,3.635478973,5,8.231162071,-0.030683599,1.919860005
512-12-1755,JOR,1980,1,-0.601170719,4.509266853,4.76543808,1.453953028,-0.020583,0.020885499,3.70868206,6,8.306857109,0.037649699,1.757859945
512-12-1755,JOR,1986,2,-0.401677996,6.878610134,4.789103985,1.782719016,0.0240121,-0.066553302,3.585184097,5,8.432169914,-0.023316,1.983759999
512-12-1755,JOR,1991,3,-0.402027488,3.788526058,4.855524063,1.867331028,-0.0183545,0.0268049,3.705245018,6,8.099403381,0.025949201,1.86717999
514-77-7836,JPN,1962,1,-0.301316887,5.201239109,2.96103406,2.02643609,-0.0116215,0.0831163,3.616308928,5,8.611284256,0.016676299,1.749199986
514-77-7836,JPN,1967,2,-0.092665002,5.334568977,2.970263004,2.008750916,-0.009929,0.0843523,3.558201075,5,9.026865959,0.0084586,1.83257997
514-77-7836,JPN,1972,3,0.214944407,10.17572021,3.168569088,2.051171064,0.0017884,0.019598801,3.508555889,5,9.448627472,-0.0055991,1.874869943
514-77-7836,JPN,1977,4,0.243249699,4.352407932,3.242427111,2.140772104,0.0064239,0.030603001,3.517498016,5,9.546621323,-0.0143853,1.846879959
514-77-7836,JPN,1982,5,0.424165487,1.87935698,3.109164,2.168025017,0.0110552,0.036955599,3.549617052,7,9.699636459,0.0080267,1.774950027
514-77-7836,JPN,1989,6,0.657064974,1.650691986,2.880592108,2.193217039,-0.0699718,0.017271001,3.627003908,5,9.958325386,0.080561198,1.831140041
516-88-1104,KEN,1992,1,-1.134857059,21.04273033,4.132731915,1.388291955,-0.0401382,0.0030415,3.996180058,5,7.148738861,0.100387298,1.220829964
516-77-2204,KOR,1961,1,1.79769313486232e+308,10.20495033,3.302534103,1.683989048,-0.041527901,0.052914798,3.465735912,5,7.340971947,0.0309714,2.042370081
516-77-2204,KOR,1966,2,-0.893558502,15.55745983,3.586813927,1.590867043,0.065140098,0.072983399,3.25809598,5,7.605545998,-0.044628698,2.197230101
516-77-2204,KOR,1971,3,-0.913659513,21.90479088,4.018191814,1.887220979,0.0164651,0.065823101,3.583796978,5,7.970462799,-0.046723001,1.974079967
516-77-2204,KOR,1976,4,-0.795331419,19.08579063,4.183913231,2.067874908,-0.015162,0.046385098,3.66612196,6,8.299578667,0.033285599,1.740470052
516-77-2204,KOR,1982,5,-0.390128106,6.05951786,4.202101231,2.16079092,-0.0099058,0.082480803,3.575150967,6,8.577889442,0.0099914,1.940179944
516-77-2204,KOR,1988,6,-0.1136076,8.083071709,4.050455093,2.296968937,-0.0125751,0.059209999,3.515716076,5,9.072773933,0.0018856,2.000129938
516-77-2204,KOR,1993,7,0.135240093,6.188203812,4.120334148,2.357167959,0.032693598,0.027489901,3.452841043,5,9.368824005,-0.089023001,2.009560108
522-31-5925,LKA,1963,1,-2.34188509,3.281106949,4.173622131,1.403151035,-0.0314603,0.020574,3.850147009,7,7.206781864,0.062659599,1.492900014
522-31-5925,LKA,1970,2,-2.020817041,10.90783978,4.098287106,1.546710968,0.015870599,0.0141695,3.629925013,9,7.350800037,-0.020645101,1.931519985
522-31-5925,LKA,1979,3,-1.712630033,15.16462994,4.294298172,1.721336961,-0.0487407,0.040910799,3.772761106,6,7.478325844,0.061555799,1.745720029
522-31-5925,LKA,1985,4,-1.664335012,9.225962639,4.149346828,1.770706058,-0.0151583,0.021252399,3.480317116,5,7.723791122,0.0146492,2.115050077
522-31-5925,LKA,1990,5,-2.057336092,11.50823975,4.303063869,1.804347038,0.0264736,0.039592098,3.404525042,5,7.830052853,-0.021271501,2.188299894
522-31-5925,LKA,1995,6,-1.340247989,8.283958435,4.395589828,1.864079952,0.114796102,0.0147234,3.536892891,5,8.028013229,0.026363101,2.081939936
524-06-0811,LSO,1986,1,-1.897312999,13.59360981,4.943070889,1.367365956,0.0048142,-0.0035401,4.025709152,7,7.223865032,-0.013566,1.054309964
524-06-0811,LSO,1993,2,-1.721861959,9.371506691,4.913195133,1.401183009,0.0058227,0.021939,4.059408188,6,7.199083805,-0.035568099,0.95934999
527-02-0265,LUX,1985,1,0.018020401,2.029258966,5.338490009,1.79769313486232e+308,-0.0013429,0.057385299,3.300554991,6,9.905174255,0.0141553,2.169049978
527-02-0265,LUX,1991,2,0.062749401,3.232665062,5.314595222,1.79769313486232e+308,0.0093648,0.043545902,3.292498112,5,10.24948978,-0.0113522,2.253989935
527-02-0265,LUX,1996,3,0.0146336,2.608308077,5.523643017,1.79769313486232e+308,-0.0116822,0.047292098,3.33932209,5,10.46722031,0.021072101,2.197230101
527-03-0013,MAR,1984,1,-1.644932985,6.557915211,4.007470131,1.79769313486232e+308,4.26E-05,0.024829499,3.668421984,6,8.025859833,-0.0002535,1.884039998
529-12-3101,MDG,1960,1,-1.725208044,7.513370991,3.636483908,1.79769313486232e+308,-0.006167,-0.0065768,3.970292091,20,7.122519016,0.0120215,1.360980034
529-12-3101,MDG,1980,2,-1.777040958,16.68215942,3.612142086,1.79769313486232e+308,-0.0058131,-0.0196469,3.846951008,13,6.990982056,0.0126951,1.601410031
529-12-3101,MDG,1993,3,-2.230825901,20.30599976,3.921140909,1.79769313486232e+308,-0.0013096,-0.0011803,3.771380901,6,6.735571861,-0.019310299,1.766440034
540-20-2167,MEX,1963,1,-1.341236949,2.819458961,2.801951885,1.064710975,0.0077748,0.043907698,4.016383171,5,8.353979111,-0.050262898,1.280930042
540-20-2167,MEX,1968,2,-1.196053028,9.462370872,2.842206001,1.303998947,0.0004943,0.0286726,4.055256844,7,8.573517799,-0.0105868,1.029620051
540-20-2167,MEX,1975,3,-1.730595946,37.0989418,3.129337072,1.368384957,-0.0150179,0.0187096,4.058716774,9,8.774226189,0.0506084,0.95551002
540-20-2167,MEX,1984,4,-2.265134096,78.05770874,3.470237017,1.649042964,0.016682601,-0.013995,3.923556089,5,8.942612648,-0.0495672,1.41099
540-20-2167,MEX,1989,5,-1.474539042,21.16563034,3.683115005,1.904939055,-0.003833,0.0009527,4.006968975,6,8.872637749,0.0191669,1.163149953
540-20-2167,MEX,1995,6,-1.493059993,21.48052979,4.125299931,1.94017899,-0.000858,0.0399727,3.983972073,5,8.878354073,-0.021754101,1.278149962
575-04-5511,MKD,1996,1,-1.560505033,3.792309999,4.532207012,1.79769313486232e+308,0.0134354,0.0135866,3.44137907,5,8.427532196,0.181200802,1.085190058
541-33-7189,MLI,1989,1,-2.112931013,6.362033844,3.958585024,-0.40646559,0.064877398,-0.0113896,3.597585917,5,6.70462513,-0.084826097,1.950189948
680-16-1666,MUS,1980,1,-1.511572003,8.822345734,4.623246193,1.654219985,-0.023752,0.039966099,3.822098017,6,8.658682823,-0.0301513,1.955860019
680-16-1666,MUS,1986,2,-1.250877023,10.15065956,4.845191002,1.717574954,-0.0154164,0.051902,3.679585934,5,8.898479462,0.025431,1.774950027
507-81-2122,MYS,1970,1,-1.351673961,5.674118996,4.38299799,1.359949946,0.0097115,0.049838498,3.912023067,6,7.966763973,-0.032062002,1.386289954
507-81-2122,MYS,1976,2,-0.771477103,6.445609093,4.615262985,1.626885056,-0.0123864,0.046418902,3.970292091,8,8.265795708,0.030145301,1.193920016
507-81-2122,MYS,1984,3,-0.1708083,1.502099991,4.73683691,1.700557947,0.001453,0.016268199,3.871201038,5,8.63714695,0.0173229,1.435080051
507-81-2122,MYS,1989,4,-0.131239593,3.689387083,5.078328133,1.797078967,0.000585,0.058857299,3.878465891,6,8.71848774,-0.0033077,1.521700025
155-55-5151,NER,1960,1,-2.019763947,5.343326092,3.733134031,-1.32050705,0.0018729,-0.019130601,3.526360989,32,7.392860889,-0.0012256,2.054120064
134-62-9876,NGA,1959,1,-2.419822931,12.46568966,3.524254084,1.79769313486232e+308,-0.0106347,0.0061882,3.931826115,26,6.77410984,-0.0058009,1.945909977
134-62-9876,NGA,1985,2,-1.951382041,20.76572037,3.949053049,1.79769313486232e+308,0.0252233,0.0058895,3.655323029,6,6.93500185,-0.068132102,1.79508996
134-62-9876,NGA,1991,3,-2.211884022,39.77576065,4.41001606,1.79769313486232e+308,0.019416399,-0.0038801,3.806663036,6,6.970338821,0.014363,1.386289954
134-21-5283,NIC,1993,1,-1.477223039,24.55269051,4.121193886,1.408056021,0.019675599,-0.0201283,3.91800499,5,7.552614212,-0.0594134,1.435080051
137-23-0925,NLD,1962,1,-0.689112484,7.145973206,4.477903843,1.719725966,-0.0295587,0.0328064,3.737669945,13,9.174816132,0.057072099,1.386289954
137-23-0925,NLD,1975,2,-0.286093593,6.557240009,4.587425232,2.078815937,-0.0117071,0.0127269,3.353406906,6,9.601299286,0.0116839,2.128230095
137-23-0925,NLD,1981,3,-0.094246402,2.6999681,4.70990181,2.138535976,0.0214618,0.014901,3.283164024,5,9.677660942,-0.044573199,2.198339939
137-23-0925,NLD,1986,4,0.135571003,1.093245029,4.638411999,2.168824911,-0.0020005,0.028293001,3.390472889,5,9.752165794,-0.0082106,1.975469947
137-23-0925,NLD,1991,5,0.320560008,2.094311953,4.652886868,2.210140944,0.0021353,0.015787899,3.380470991,5,9.893630981,-0.0285313,1.93441999
137-23-0925,NLD,1996,6,0.274867386,2.601000071,4.778863907,2.235910892,-0.0281545,0.026561501,3.391146898,5,9.972570419,0.102165103,1.791759968
137-81-0944,NOR,1962,1,-0.406867296,3.907129049,4.284074783,1.810580969,-0.0080489,0.036027499,3.624874115,5,9.08572197,0.023242099,1.59939003
137-81-0944,NOR,1967,2,-0.405706495,6.602344036,4.289927006,1.968649983,0.0065296,0.030868201,3.584630013,6,9.265859604,-0.0197055,1.715600014
137-81-0944,NOR,1973,3,-0.1827299,7.88052702,4.357140064,2.02048707,-0.030832199,0.0384795,3.623806953,6,9.451068878,-0.0108014,1.597370028
137-81-0944,NOR,1979,4,-0.265608013,9.019592285,4.355539799,2.098263025,-0.003759,0.028197899,3.438813925,5,9.681945801,0.118180297,1.532559991
137-81-0944,NOR,1984,5,-0.100023597,4.481585979,4.284313202,2.213644981,0.0224998,0.017801899,3.420018911,5,9.822935104,-0.063033901,2.123460054
137-81-0944,NOR,1989,6,-0.046340998,2.269507885,4.264063835,2.447809935,-0.048320901,0.0282251,3.53251791,6,9.911944389,0.079015598,1.808290005
137-81-0944,NOR,1995,7,-0.150963604,5.260564804,4.290421009,2.460016012,0.0135901,0.0249067,3.242592096,5,10.08129978,-0.0037076,2.282380104
139-11-7234,NPL,1977,1,-2.707386017,7.418212891,3.379034042,-0.094310597,-0.081013799,0.0101145,3.970292091,7,6.806583881,0.097616598,1.526059985
139-11-7234,NPL,1984,2,-2.14900589,10.96654034,3.644505978,0.219135493,0.023155401,0.0224989,3.403194904,11,6.877386093,-0.0165946,2.209369898
111-11-1111,NZL,1973,1,-1.299919963,12.69923973,3.975052118,2.422055006,0.0119487,-0.0166422,3.402863026,5,9.642547607,-0.0099493,1.916919947
111-11-1111,NZL,1978,2,-1.164615035,13.21889019,4.078938961,2.440083981,0.0133383,0.0172756,3.462605953,5,9.559336662,-0.0111228,1.86717999
111-11-1111,NZL,1983,3,-0.806368113,10.43237019,4.040616035,2.44234705,0.0117007,0.0096957,3.529297113,6,9.64571476,-0.0095264,1.811560035
111-11-1111,NZL,1989,4,-0.164188102,2.304285049,4.044185162,2.420190096,0.0165547,0.0102469,3.599502087,6,9.703888893,-0.0059835,1.754400015
111-22-2222,PAK,1964,1,-1.655547976,3.883505106,3.201962948,-0.0100503,-0.038245201,0.047294401,3.610918045,5,6.569346905,0.068608798,1.871799946
111-22-2222,PAK,1969,2,-1.537822962,10.77153969,3.341134071,0.434376508,0.0055994,0.017295901,3.419692039,10,6.805819035,-0.0065412,2.214849949
111-22-2222,PAK,1979,3,-1.53174305,7.771132946,3.530164003,0.724161208,0.0006177,0.049463399,3.475686073,6,6.978777885,-0.0007788,2.149430037
111-22-2222,PAK,1985,4,-1.371194005,6.16662693,3.564069986,0.762673318,0.0048121,0.038044602,3.479392052,5,7.275557995,-0.0110738,2.144759893
111-22-2222,PAK,1990,5,-1.495921016,10.4863596,3.618185997,1.365071058,-0.0105058,0.0184422,3.503453016,6,7.465782166,0.025219601,2.089390039
112-34-5678,PAN,1969,1,-0.799906611,6.121632099,1.79769313486232e+308,1.564650059,0.0015709,0.0218876,3.871201038,10,8.201016426,-0.0254234,1.589239955
112-34-5678,PAN,1979,2,-0.785358727,5.711119175,4.982484818,1.862684011,0.0146799,0.0068504,3.886909962,10,8.419892311,-0.064185403,1.335000038
112-34-5678,PAN,1989,3,-0.744569421,1.792085052,5.211558819,2.089143991,0.0017615,0.0244123,4.033710003,6,8.488396645,0.0232937,0.693149984
112-34-5678,PAN,1995,4,-0.290474415,2.892335892,5.092872143,2.122980118,0.002542,0.015127,4.044279099,5,8.634870529,-0.0035089,0.832910001
113-82-5562,PER,1961,1,1.79769313486232e+308,10.67082024,3.552695036,1.207766056,-0.010354,0.034382101,4.110874176,10,8.127547264,-0.104982197,1.386289954
113-82-5562,PER,1971,2,1.79769313486232e+308,35.90190887,3.576209068,1.527359962,-0.0108801,0.0079107,4.007332802,10,8.471367836,0.149930403,0.336470008
113-82-5562,PER,1981,3,1.79769313486232e+308,97.30480957,3.576607943,1.79508698,-0.0285859,-0.016060401,3.898531914,5,8.550475121,-0.0022454,1.835780025
113-82-5562,PER,1986,4,-2.641736031,1201.968994,3.367367983,1.825677991,0.0060208,-0.016965499,3.755603075,8,8.470172882,-0.029925499,1.824550033
113-82-5562,PER,1994,5,-1.570942044,10.11618042,3.455655098,1.989653945,0.0156924,0.0161629,3.803769112,6,8.334448814,-0.043720402,1.585150003
115-41-7631,PHL,1965,1,-1.783257961,6.951450825,3.577063084,1.487269998,-0.0063888,0.017902199,3.938081026,6,7.700882912,0.0046952,1.252760053
115-41-7631,PHL,1971,2,-1.128010035,16.01967049,3.846847057,1.786412001,-0.0049549,0.0081939,3.899748087,14,7.808296204,0.0262661,1.280930042
115-41-7631,PHL,1985,3,-1.63885498,10.89459991,4.005181789,1.894767046,0.002584,0.0109824,3.830379009,6,7.923010826,-0.0168494,1.648659945
115-41-7631,PHL,1991,4,-1.06377399,8.95990181,4.362292767,2.063946962,-0.0022949,0.021682899,3.845882893,6,7.988905907,0.021900199,1.547559977
121-12-1212,PRT,1973,1,-0.292380512,18.74036026,3.931376934,1.017763972,-0.0139682,0.0151792,3.703274965,7,9.003555298,-0.0055731,1.749199986
121-12-1212,PRT,1980,2,-0.343449414,18.2445507,4.187521935,1.329458952,-0.0130908,0.029571,3.605498075,9,9.109809875,0.038072601,1.710190058
121-12-1212,PRT,1989,3,-0.614296079,9.974117279,4.195353031,1.590867043,0.017157599,0.017594101,3.487680912,5,9.375948906,-0.0129933,2.052839994
121-12-1212,PRT,1994,4,-0.229328394,4.061729908,4.213106155,1.699278951,0.00422,0.0361383,3.573468924,5,9.46391964,-0.0083928,1.987869978
122-55-3738,PRY,1991,1,-1.511927009,15.16324997,4.340839863,1.807960987,0.048303101,0.011491,3.682358027,6,8.50713253,-0.170430899,1.783390045
122-23-7131,ROM,1989,1,-1.840051055,129.0061951,3.907627106,1.79769313486232e+308,0.0407243,-0.040513199,3.15188098,5,8.581960678,-0.027682001,2.300580025
122-23-7131,ROM,1994,2,-3.005765915,78.27526855,4.085869789,1.79769313486232e+308,0.0084712,-0.0009966,3.35550189,5,8.379394531,-0.008987,2.162169933
125-72-1999,SEN,1960,1,-1.338343978,5.779602051,4.168704987,0.493476003,-0.0011015,-0.0065762,4.025352001,31,7.505249977,0.0049726,1.098610044
127-01-8236,SGP,1973,1,-0.435901701,6.131914139,1.79769313486232e+308,1.702564001,-0.020530799,0.054755401,3.713572025,5,8.88334465,0.056354299,1.693699956
127-01-8236,SGP,1978,2,-0.212453902,5.535226822,1.79769313486232e+308,1.704566002,0.0314008,0.0662622,3.610918045,5,9.157121658,-0.0757512,1.975469947
127-01-8236,SGP,1983,3,0.0043259,1.316460013,1.79769313486232e+308,1.808943987,-0.0108699,0.038809199,3.767921925,5,9.488432884,0.055632301,1.596709967
127-01-8236,SGP,1988,4,-0.062785797,4.175516129,1.79769313486232e+308,1.784399033,0.005817,0.0516739,3.713572025,5,9.682478905,-0.0463912,1.874869943
127-01-8236,SGP,1993,5,0.075777598,1.209933043,1.79769313486232e+308,1.904641986,0.0110153,0.037938099,3.742656946,5,9.940848351,-0.089799099,1.642920017
127-05-1635,SLE,1968,1,-2.937870026,29.39224052,3.865104914,-0.161343098,0.0016248,-0.0017101,4.107425213,21,7.204467773,-0.0438057,1.01522994
129-25-5237,SLV,1965,1,-1.573699951,5.439548016,4.092640877,0.774727225,-0.007566,0.0171529,3.970292091,12,8.268486023,-0.0079425,1.704749942
129-25-5237,SLV,1977,2,-1.267555952,6.248422146,4.026998043,1.162837982,0.0009586,-0.0248696,3.879499912,12,8.474320412,-0.058768298,1.609439969
129-25-5237,SLV,1989,3,-1.40337801,6.857975006,3.914880991,1.447389007,0.0030359,0.027027899,3.891004086,6,8.175885201,0.069144599,0.904219985
129-25-5237,SLV,1995,4,-0.955869913,4.696229935,4.126526833,1.547562003,0.0125916,0.0118534,3.909219027,5,8.33805275,0.024263101,1.319090009
130-13-0277,SWE,1963,1,-0.284875602,6.693062782,3.85739398,2.076436996,-0.029696699,0.0293839,3.663562059,12,9.355751991,0.043322999,1.481609941
130-13-0277,SWE,1975,2,-0.203682095,11.02851009,4.033738136,2.182337046,0.0344381,0.0084522,3.307202101,5,9.708358765,-0.0102587,2.001480103
130-13-0277,SWE,1980,3,-0.164648801,8.92911911,4.170352936,2.246754885,-0.0075386,0.0172548,3.479392052,5,9.750619888,0.0002843,1.950189948
130-13-0277,SWE,1985,4,0.0065742,6.844373226,4.134305954,2.246754885,0.0080312,0.0210358,3.441699028,5,9.836894035,0.0099744,1.951609969
130-13-0277,SWE,1990,5,0.232216701,4.580505848,4.102799892,2.252763987,-0.0473065,-0.0008705,3.481854916,5,9.942072868,0.0520312,2.001480103
130-13-0277,SWE,1995,6,-0.035609599,1.48766005,4.341391087,2.418766975,0.0257691,0.026553901,3.245322943,5,9.937720299,-0.0020689,2.261640072
132-25-6111,SYC,1978,1,-1.741400957,8.440181732,4.930613995,1.79769313486232e+308,0.0035843,0.031248599,3.828640938,6,8.827625275,-0.0076163,1.476889968
133-33-8181,THA,1962,1,-1.869814992,2.794920921,3.572627068,1.336053014,0.0045972,0.052365799,3.720377922,7,7.067139149,-0.063476503,2.079440117
133-33-8181,THA,1969,2,-1.608991981,6.593877792,3.642443895,1.392524958,-0.0035164,0.034084599,3.752557993,6,7.433699131,-0.0069662,1.635110021
133-33-8181,THA,1975,3,-1.072348952,7.507510185,3.842902899,1.392524958,0.0160159,0.054804601,3.731460094,5,7.638206959,0.019357501,1.593309999
133-33-8181,THA,1980,4,-0.744957387,5.008592129,3.91138196,1.487947941,0.0078471,0.034941401,3.811538935,6,7.912230015,-0.0425019,1.690099955
133-33-8181,THA,1986,5,-0.39170599,4.91738081,4.224594116,1.719905019,0.0138266,0.081071503,3.858622074,6,8.121878624,-0.0211253,1.435080051
133-33-8181,THA,1992,6,0.235479802,5.126639843,4.471439838,1.804510951,-0.036544599,0.022642801,3.941581964,6,8.608307838,0.090544403,1.308330059
134-71-0800,TTO,1971,1,-1.546946049,21.50112915,4.485033989,1.72597599,-0.0202459,0.0549189,3.931826115,5,8.707462311,0.066112801,0.662689984
134-71-0800,TTO,1976,2,-1.209599972,12.82936001,4.466015816,1.982241988,-0.0199231,0.050432201,3.83059597,5,8.982056618,0.047861699,0.993250012
134-71-0800,TTO,1981,3,-0.657948017,4.899010181,4.262041092,1.938166022,0.0029819,-0.0135736,3.730981112,7,9.234217644,0.050953601,1.232560039
135-02-8769,TUN,1965,1,1.79769313486232e+308,4.460391045,3.636003971,-0.066139802,0.0375841,0.0429952,3.744786978,6,7.683999062,-0.021838,1.740470052
135-02-8769,TUN,1971,2,1.79769313486232e+308,8.852252007,4.174095154,0.817574799,-0.0232324,0.048792198,3.970292091,9,7.941969872,-2.61E-05,1.609439969
135-02-8769,TUN,1980,3,1.79769313486232e+308,10.58269978,4.394470215,1.077389002,0,0.0189516,3.761199951,5,8.381099701,0,1.609200001
135-02-8769,TUN,1985,4,-0.663161874,5.549920082,4.378284931,1.206869006,-0.0134666,0.0057306,3.761199951,5,8.475857735,0.033149801,1.609200001
135-02-8769,TUN,1990,5,-0.497831702,4.505087852,4.494533062,1.370926976,0.0009901,0.0316667,3.693866968,10,8.50451088,0.0016807,1.774950027
135-35-6211,TUR,1968,1,1.79769313486232e+308,13.3902998,2.438911915,0.95896697,-0.0187052,0.0254618,4.025352001,5,8.147697449,0.0308301,1.098610044
135-35-6211,TUR,1973,2,-3.702960014,39.33010101,3.0676229,1.044155955,-0.0103995,0.024238201,3.931826115,14,8.275006294,0.0288256,1.252760053
135-35-6211,TUR,1987,3,-1.95380497,66.68480682,3.524002075,1.421903014,0.0150839,0.007878,3.786232948,7,8.614341736,-0.0095837,1.656319976
135-35-6211,TUR,1994,4,-1.788239002,76.31022644,3.905884027,1.632763982,-0.034658901,0.026649499,3.891819954,6,8.669487953,0.036508899,1.589239955
136-55-1266,TZA,1964,1,1.79769313486232e+308,1.79769313486232e+308,1.79769313486232e+308,1.120700002,-0.065084502,0.02784,3.988984108,5,6.165211201,-0.147141397,1.568619967
136-55-1266,TZA,1969,2,1.79769313486232e+308,1.79769313486232e+308,1.79769313486232e+308,0.962410688,0.0150785,0.017281501,3.663562059,8,6.304410934,0.091619901,0.832910001
136-55-1266,TZA,1977,3,-2.361372948,23.72084045,3.849903107,0.984696805,0.0209655,-0.0170631,3.784189939,14,6.442663193,-0.048133601,1.565870047
136-55-1266,TZA,1991,4,-2.6018641,19.66186905,3.886301994,0.986935616,-0.047493,0.0013854,4.077706814,10,6.203780174,0.103952304,0.89200002
142-66-0709,UGA,1989,1,-3.300175905,24.8210392,3.439723969,1.184484005,0.045775101,0.033286899,3.496507883,11,6.480607033,-0.077312097,2.142420053
143-66-0604,URY,1989,1,-1.499982953,67.31506348,3.683082104,1.95896697,0.0033907,0.0304117,3.745496035,6,8.899214745,-0.0140569,1.693779945
143-66-0604,URY,1995,2,-1.082054019,17.38155937,3.675302982,1.988970041,0.0059297,0.018017,3.765841007,5,9.081685066,-0.0081644,1.609439969
145-55-2561,USA,1959,1,-0.413783491,1.79769313486232e+308,1.79769313486232e+308,2.139123917,0.0009243,0.027034201,3.542118073,5,9.406606674,0.0080011,1.589239955
145-55-2561,USA,1964,2,-0.29965359,3.838114977,2.316989899,2.207395077,-0.0062048,0.034173399,3.546740055,5,9.541777611,0.0187052,1.629240036
145-55-2561,USA,1969,3,-0.124715596,5.679353237,2.533617973,2.25454998,0.0030679,0.023068201,3.515716076,5,9.712644577,0,1.722769976
145-55-2561,USA,1974,4,-0.168328494,7.651172161,2.845622063,2.271094084,0.0052011,0.0298931,3.531054974,5,9.827985764,-0.011012,1.722769976
145-55-2561,USA,1979,5,-0.127609,6.763678074,2.938580036,2.473592997,0.0102301,0.0136515,3.557060957,5,9.977451324,-0.0240288,1.667709947
145-55-2561,USA,1984,6,0.071669303,3.17327404,2.919436932,2.448328972,0.0067153,0.0261629,3.608211994,5,10.04570961,-0.0043012,1.547559977
145-55-2561,USA,1989,7,0.261762291,2.977921009,3.033833981,2.463171959,0.035624001,0.0118135,3.641788006,5,10.17652035,-0.0490245,1.526059985
145-55-2561,USA,1994,8,0.532581985,1.713057041,3.159976959,2.475866079,-0.0004391,0.0283779,3.819907904,5,10.23558998,0,1.280930042
160-60-7328,VEN,1962,1,-1.468984008,3.269313097,3.679637909,1.119721055,0.0140237,0.0099608,3.737669945,9,9.080319405,-0.022296701,1.481609941
160-60-7328,VEN,1971,2,-1.124380946,14.47669029,3.828872919,1.289783001,-0.017627601,-0.025030499,3.863883018,5,9.169966698,0.057536401,1.280930042
160-60-7328,VEN,1976,3,-0.709251881,13.72706985,3.932066917,1.700374961,-0.0037479,-0.019012099,3.775744915,5,9.04481411,0.0081644,1.568619967
160-60-7328,VEN,1981,4,-0.617898822,12.06367016,3.75475502,1.728996992,0.0089047,-0.0126753,3.757004976,6,8.949753761,-0.0092521,1.609439969
160-60-7328,VEN,1987,5,-1.187567949,38.11692047,3.97951293,1.601001978,-0.0134019,0.0047172,3.810432911,6,8.873702049,0.0281402,1.553930044
160-60-7328,VEN,1993,6,-2.040263891,53.18857956,3.941293955,1.901062012,0.027818801,-0.0136221,3.730021,5,8.902005196,-0.059237499,1.722769976
165-43-8702,YEM,1992,1,-3.064889908,21.54307938,4.497253895,1.79769313486232e+308,-0.0992181,0.0024847,3.676301003,6,6.843152046,0.075405397,1.808290005
,ZMB,1959,1,1.79769313486232e+308,7.495513916,4.483025074,0.924258888,0.0035662,0.014344,3.871201038,17,7.039130211,-0.0313069,1.840549946
,ZMB,1976,2,-2.650074005,38.7249794,4.29049015,1.360463977,-0.010589,-0.022520401,3.931826115,15,7.282979012,0.0272708,1.308330059
,ZMB,1991,3,-2.949372053,88.03553009,4.315264225,1.690464973,0.027004899,-0.042818099,3.772990942,5,6.945174217,-0.056462102,1.717399955
,ZWE,1990,1,-1.411223054,20.95841026,4.13214016,1.616412997,0.050352801,-0.0190039,4.040063858,5,7.977293015,-0.350469112,1.381279945